before,after
GUUGUCAGGCCCCU-CAUUCUA-GGGGCCACU----CAG----GCCGCGCCGACG-----GGUGCAGCCUGAUAGUUGGCGCGGCUU,AAAGUCAGGCCAUCGAAACC--CGAUGCCACGUUU--------GUUCUU--G-----AAGCGUGCUGCCUGU-------GGGAAUGU
GUUGUCAGGCCCCU-CAUUCUA-GGGGCCACU----CAG----GCCGCGCCGACG-----GGUGCAGCCUGAUAGUUGGCGCGGCUU,AGUGUCAGGCCCCGCGAAA---GUGGGCCACGG---G------AAACUC--UAUA----CCGUGCAGCCUGUUU-----GAGUUUAU
GUUGUCAGGCCCCU-CAUUCUA-GGGGCCACU----CAG----GCCGCGCCGACG-----GGUGCAGCCUGAUAGUUGGCGCGGCUU,AAAGUCAGGCCAGG-AUCCC---CCUGCCACGGAA-AU-----UUGUCU--C-----UUCCGUGCUGCCUGUGAAA---AGAUGAAG
GUUGUCAGGCCCCU-CAUUCUA-GGGGCCACU----CAG----GCCGCGCCGACG-----GGUGCAGCCUGAUAGUUGGCGCGGCUU,UUUGUCAGGCCCCGGUAUU---CCGGGCCACGCG--UA-----AAGAG---U------CGCGUGCAGCCUGUUUC-----CUCUUUC
GUUGUCAGGCCCCU-CAUUCUA-GGGGCCACU----CAG----GCCGCGCCGACG-----GGUGCAGCCUGAUAGUUGGCGCGGCUU,ACAGUCAGGCCUCC-UAAUCU--GGAGCCACAGC--AU-----UAUACCG-C------GCUGUGCUGCCUGAAAUU--CGGUAUAUC
GUUGUCAGGCCCCU-CAUUCUA-GGGGCCACU----CAG----GCCGCGCCGACG-----GGUGCAGCCUGAUAGUUGGCGCGGCUU,UUUGUCAGGCCCUCCGAUC---GGAGGCUACGGU--C------GCCGCC--U------AUCGUGCAGCCUGUU------GGCGGUAC
GUUGUCAGGCCCCU-CAUUCUA-GGGGCCACU----CAG----GCCGCGCCGACG-----GGUGCAGCCUGAUAGUUGGCGCGGCUU,UUAGUCAGGCCCUC-GGAAUAA-GAGGCCACAGC---------GAACGUGCCC-----GCUGUGCUGCCUGAAAUU-GCACGUUUAC
GUUGUCAGGCCCCU-CAUUCUA-GGGGCCACU----CAG----GCCGCGCCGACG-----GGUGCAGCCUGAUAGUUGGCGCGGCUU,ACUGUCAGGCCCGGGGAUAA--CCCGGCCACCCC---------GAAAUCG-CAUA---GGGGUGCAGCCUGUUUUU--CGAUUUUUA
GAUGUCAGGCCC---CCCAUCC---GGCUACU-----------CGCGCGGCCUCAU----GGUGCAGCCUGACA---GUCGCGCGGA,AAAGUCAGGCCAAGGAAUAG--CCUUGCCACGGCC--------UCGCGCU-U-----GGCCGUGCUGCCUGAAAA---AGCGUGGAA
GGUGUCAGGCCA---GCUCCA----UGCCACGG----------CUGGGGAGUCGGA---UUGUGCAGCCUGUGAUU-CUCCCCGGAG,AAAGUCAGGCCAGUGUUAU---CACUGCCACGUCC--------UUUCUCC-U-----GGACGUGCUGCCUGU------GGGGAAAAG
UGUGUCAGGCCUU--CCCUUC---GAGCUACAU----------CCGCGACCACGC----GUGUGCAGCCUGGGUGUGGGUCGCGGCC,UUUGUCAGGCCCGUCGCAA---GACGGCCACUC----------AUAUGAAACCUC----GAGUGCAGCCUGUUU---UUUUGUAUCU
CGAGUCAGGCCUA--UCCGAUG--UAGCCACU----C------UGCGCGCCUGGAA----GGUGCUGCCUGCUG---GGCGUGCGCU,UUUGUCAGGCCUCG-GAUUUG--CGAGCCACGG---C------GAUGGGAGAAG-----CCGUGCAGCCUGUU----UUCUUGUUUA
AUUGUCAGGCC----UAACAUG----GCCACG----CCU----GGGCUCCGUAG------CGUGCAGCCUGCAU---CGGGGCCCGC,AAAGUCAGGCCCGG-UAAAU---CCGGCCACGCAG--------UUUCUG--UCU---CUGCGUGCUGCCUGUGAAU---CAGAAAAA
GAAGUCAGGCC----CGCCUCU----GCCACG----CUG----CCCGGCCCCU-------UGUGCUGCCUGGCUCU-GGGCCGGGGU,ACAGUCAGGCCCGCGGACG---CGCGGCCACCGU---------GGUGGGA-GA-----ACGGUGCUGCCUGAAAAA--UCCCGUCUA
GAUGUCAGGCC----AAUGAU-----GCCACC----AACAC--CGGGGGUGGA-------GGUGCAGCCUGGGAUGACGCCCCCGUU,UUUGUCAGGCCCGACGUUA---GUCGGCCACGUG--C------UUAACUU-CUC----CACGUGCAGCCUGUUUUUU-AAGUUAGUC
CAAGUCAGGCC----CCGAGUG----GCUACA----CG-----CCGGCCCCACA------UGUGCUGCCUGACACA-GGGGCCGGCU,ACAGUCAGGCCGG--AAAUU----CCGCCACGUG--AA-----CGGCC---CGC----CACGUGCUGCCUGUGAA-----GGCCGGG
UAAGUCAGGCCUGA-CAUCCU--UCAGCCACG----CAG----CCUGCCCGGUG------UGUGCUGCCUGCACAU-CGGGCGGGCU,UUUGUCAGGCCCCGCUAGU---GCGGGCCACGUG--U------AAAGGG--U------CACGUGCAGCCUGUUUU----UCCUUUUC
CAAGUCAGGCCUA--AAACAG---UAGCUACG----CAUU---GGCCGCUUCG-------CGUGCUGCCUGAGAUG-GAGCGGCUAA,AAAGUCAGGCCCCGGUAACU--CCGGGCCACCGU---------GUUUGCGAUAA----ACGGUGCUGCCUGGUGAU-UCGCAAGUGU
ACAGUCAGGCCGC--GGUAUA---GCGCUACG----U------UCUCCGUCGAAGC----CGUGCUGCCUGCGGAG-GACGGGGAAG,UCUGUCAGGCCCGCCAAUC---GGCGGCCACGGCA-A------AAUUGGG-A-----UGCCGUGCAGCCUGUUUCC--UCCAAUUCC
GCAGUCAGGCC----UUAUU------GCCACUG---GG-----UGGACGCCAAA-----UAGUGCUGCCUGUCGCGCGGCGUUCGAU,UUUGUCAGGCCCAC-UUAU----GUGGCCACCCC--U------UUUGCGG-UG-----GGGGUGCAGCCUGUUUAU--CCGUGAAUU
CCAGUCAGGCC----UCCUCGU----GCUACUGG---------GGCGCGG-AA-----CCAGUGCUGCCUGGACGA--UUGCGUCUA,CUUGUCAGGCCCACGGUGGA--CGUGGCCACCUCC--------AAAGGG--C-----GGAGGUGCAGCCUGUUUUU---CCUUUUUU
GAUGUCAGGCCG---GUUCGU----CGCUACU----CGUA---GCCGCCGCAAA------GGUGCAGCCUGUAGUAUGCGGCGGCCU,UUAGUCAGGCCCUUGUGAU---CAAGGCCACUCC---------UUUCCUGGCU-----GGAGUGCUGCCUGACGU--UCGGGAAAAG
UUUGUCAGGCCG---GUACUA----UGCUACC----CG-----GGGCCCGCUGCU-----GGUGCAGCCUGGUGUGUGCGGGCCUUG,UUAGUCAGGCCGC--UACUUU---GCGCCACGGUC--------GCCACCCUG-----GACCGUGCUGCCUGCUUUA-AGGGUGGUUA
CCAGUCAGGCCUU--ACGAA----AGGCCACUA---GA-----GGCGCU--CUU-----UAGUGCUGCCUGGUCGGU--GGCGCCUC,GAAGUCAGGCCCGACAAAU---GUCGGCCACGU---G------UAUCAUCUCUC-----ACGUGCUGCCUGAAUAUAGGAUGAUGGU
GUAGUCAGGCCA---AUGUGC----UGCCACU----CGAUCG-GGCUGGUGG--------AGUGCUGCCUGUCCGC-CAUCGGCCCA,AUAGUCAGGCCCGGACAAGU--UCCGGCCACGC---AAA----UUUCCUA-CCC-----GCGUGCUGCCUGAAAAA--UAGGAAGAG
GCUGUCAGGCCU---GAUCAC----GGCUACCC---GCUA---UGUCGGGGG-------GGGUGCAGCCUGU-----CCCCGACAGA,AAAGUCAGGCCCAAGUUAAU--CUUGGCCACGGC--A------AUUGUG--C------GCCGUGCUGCCUGUGAAU---CGCGAUAA
AGAGUCAGGCC----CUUGGGU----GCUACA----UCGC---GGCCCUCGUGG------UGUGCUGCCUGCGGGU-CGAGGGCCAA,AAAGUCAGGCCUCACUUAU---GUGAGCCACCCAG--------GAUUCUCGA-----CUGGGUGCUGCCUGUGGAACCGAGGAUUAA
AUAGUCAGGCCA---UAAAUA----UGCUACG----UGUA---CCCCGCGUGCU------UGUGCUGCCUGUAGUU-ACGCGGGGGG,UUUGUCAGGCCCAUCGUUGA--GAUGGCCACCGGC-GUA----GAACG---A-----GCCGGUGCAGCCUGUUUU-----UGUUCGU
CUUGUCAGGCCU---AUA-------AGCCACG----GUGU---CAUUCGCCUG-------CGUGCAGCCUGGUUGA-GGCGGAUGAC,AGAGUCAGGCCCGUCUAGAU--GACGGCCACGUA---------GUAACUC-CCCG---UACGUGCUGCCUGUGA----GAGUUGUGA
UCAGUCAGGCCGU--GACG-----GUGCUACU----CCGGUC-CUGGUGCUU--------AGUGCUGCCUGCAC---GGCGCUAGUC,UCUGUCAGGCCG---UUCAUAC---CGCCACCAAG--------AUGACGUGC-----CUUGGUGCAGCCUGAUUA--CGCGUCGUUC
UGUGUCAGGCCC---ACGUUAA---GGCUACA----ACUAG--CGCGCCCAAU-------UGUGCAGCCUGCCAG--UGGGCGUGGA,AUUGUCAGGCCUCGCUAAAU--GCGAGCCACACGA--------GGGCCGG-A-----UCGUGUGCAGCCUGUUUUC--CUGGUUUAU
AUUGUCAGGCCUGG-ACUAGUU-UCGGCUACUG---UU-----CCCGGC--CUUC----UAGUGCAGCCUGUCUACC--GCCGGGCC,UUUGUCAGGCCCAC-UAUU----GUGGCCACCAAC--------AAACGAC-C-----GUUGGUGCAGCCUGUUUUU--GUCGUUUUU
UGUGUCAGGCCG---CGGUUGC---UGCCACU----CUAA---CGUGCGGCGG-------AGUGCAGCCUGUGG---GCCGCGCGGC,AAAGUCAGGCCAGG-GAAA----CCUGCCACCAUC--------UCCC----UAAAU-GAUGGUGCUGCCUGU---------GGGAAA
ACAGUCAGGCCUGU-UGACG---GCAGCCACA----UUCCA--GGGCGGAGUA-------UGUGCUGCCUGUUAG--CUUCGCCCGG,AAAGUCAGGCCCGG-AAAAC---CCGGCCACUCU--GUC----CGUUGU--AA-----AGAGUGCUGCCUGUGAA----AUAAUGAA
AAAGUCAGGCCGU--UGACAA---GUGCUACU----UC-----CCUGGGGCUGCC-----AGUGCUGCCUGA-----GCCCCGGGAC,AAAGUCAGGCCAUGUGUCCA--ACGUGCCACGGU---------GUUCACUUA------ACCGUGCUGCCUGU-----AGGUGAAUUA
AAAGUCAGGCCU---CGA-------GGCUACUGU--CG-----CGGGGGCGC------GUAGUGCUGCCUGCCG---CGCUCCCGUC,GAAGUCAGGCCAGG-UCUAAU--CCUGCCACC----AUCAAUAUAUUC---CCC------GGUGCUGCCUGAAGA-----GAAUGAC
GAUGUCAGGCCA---GUGCCUG---UGCUACG----A------UGCCCCUGGCUU-----CGUGCAGCCUGGACUUGCAGGGGCGGA,CCUGUCAGGCCGGGCCCCGU--GUCCGCCACAAG---------UAGGGAG-U------CUUGUGCAGCCUGAAACUA-UUCCUUAAC
GCUGUCAGGCCUG--CUACUA---UGGCUACCG---G------UGCCCCGCCG------UGGUGCAGCCUGUUCA--GCGGGGCAUU,AAAGUCAGGCCACGCUAAU---GCGUGCCACGGAG--------GUUCCCC-A-----CUCCGUGCUGCCUGUA-----GGGGAAUAA
AGUGUCAGGCCUU--UGGUUA---GGGCUACCU----------GGGUCGCGGGCU----GGGUGCAGCCUGGAUCG-CGCGGUCCCC,ACUGUCAGGCCCGGGUUUU---CUCGGCCACGUCC-G------AAAGUCG-A-----GGACGUGCAGCCUGUUUUU--CGAUUUUAU
CAUGUCAGGCCCG--UGU------UGGCUACA----CCG----CGGGGACGUCCA-----UGUGCAGCCUGCCAG--CGUUCCCGGU,UUUGUCAGGCCCAGCUCGU---GCUGGCCACACUA--------AAAAACG-CC----UAGUGUGCAGCCUGUUUUU--CGUUUUUUU
GUUGUCAGGCCCCUGGAAGC--UAGGGCCACG----UCGG---UAGGGCGCAA-------UGUGCAGCCUGAGUCC-GCGCCCUGUG,UUUGUCAGGCCCGACGCUUA--GUCGGCCACGGCA-UU-----CGAGA---U-----UGCCGUGCAGCCUGUUUU-----UCUCGUC
GAUGUCAGGCC----UCCGU------GCUACGG---AAUC---CGCGCGGGC-------CUGUGCAGCCUGCAAG--CCUGUGCGAU,UGAGUCAGGCCGCUAAAAGA--UAGCGCCACGUG---------UGUCCC--AA-----UACGUGCUGCCUG--------GGGAUGUU
GCUGUCAGGCCCG--CUUUA----CGGCCACG----GUAUCG-CGGCCGG-A--------CGUGCAGCCUGAUC----CCGGCCGAG,AAAGUCAGGCCCGGGGAAG---CCCGGCCACCGC---------GAAGGG--CAACG--GCGGUGCUGCCUGUAAGAU--CCUUUUAU
GCUGUCAGGCCGC--GCUUCU---GUGCCACC----GU-----GGGCCGCGAGUU-----GGUGCAGCCUGGCAU--CGCGGCCCCU,UGUGUCAGGCCCGCCUCUAU--GGCGGCCACGAC---------UUAUUAC-CAUU---GUCGUGCAGCCUGUUUGU--GUAGUAGUU
ACAGUCAGGCCC---ACG-------GGCUACUG---GG-----UGGGCC--AAGA----CGGUGCUGCCUGGGACGG--GGCCCGGA,GCUGUCAGGCCCGGUAUAUG--AUCGGCCACGG---UGC----AAUCA---UCA-----UCGUGCAGCCUGGAAUUA---UGAUUAC
CCUGUCAGGCC----GGGGGUU----GCUACG----AU-----UGGGGGGGAUUUU----CGUGCAGCCUGGGUUGGCCCCCCCGAG,UUUGUCAGGCCGGUCGGAA---GGCCGCCACCUUA--------GGGA----UGAGC-UGGGGUGCAGCCUGUUUUAU----UUUCAA
CAAGUCAGGCCUG--CCCUU----CAGCCACUC---C------GUGGGGG-CAGAC---GGGUGCUGCCUGGAACC--CCCCCACUU,UAUGUCAGGCCCGGGGUCG---CCCGGCCACAAAG--------AUUGGU--CC----CUUUGUGCAGCCUGUUUCC---GCCAAUUC
AGAGUCAGGCC----GCUUCUU----GCCACU----U------CGCGGCCCACGA-----AGUGCUGCCUGACUU--GGGCCGCGUA,UUUGUCAGGCCCGACGUGCG--GUCGGCCACCCA---------AAAAGC--CUAUG--UGGGUGCAGCCUGUUUUUC--GUUUUUUU
GAAGUCAGGCCU---AGC-------GGCUACA----AC-----CCGCCCG-GUC------UGUGCUGCCUGGAU----CGGGUGGAC,ACAGUCAGGCCGCUCCGAG---GAGCGCCACCCUC--------GAAUGGC-A-----GAGGGUGCUGCCUGAAUCC--GCCGUUUCC
UGAGUCAGGCCC---GAAGU-----GGCUACA----GUG----UGUCGGG-GCG------UGUGCUGCCUGUAAU---CCUGGCGGG,UUUGUCAGGCCCCUGUUCU---CAGGGCCACUGC--UC-----CUACG---U------GUAGUGCAGCCUGUUUUC----CGUAGUU
