id;sequence;structure;len;MFE;freq;ensemble_defect;gc;model;date
0;AGUCAGGCCCGAC-UUCUCU--GUCGGCCACGAUC-U--------G-GUGUC-----GAUCGUGCUGCCUGUGAAU-CAC-C-CC;...((((((((((......))))).(((((((.......)))))))..)))))...........;64;-22.2;0.62;-;0.609;mc, 100 000, first tries - max stem (5);05/29/2024
1;UGUCAGGCCCGC-UUCAAU--GCGGACACC----C------UAAA----UUC------GGUGCAGCCUGUUU-------UUUGUU;...(((((((((......)))).((((........))))..))))).........;55;-17.6;0.88;0.005;0.509;mc, 100 000, MBFV testing - no constraint - long beta stem (4);06/03/2024
2;UGUCAGCCCCG--GACAA----CGGACACCCC--GACACC-AAA-----A------GGGGUGCAGGCUGUUUU-------UUUUA;...((((((((.....))).((((((..........))))))..))))).........;58;-21.1;0.88;0.005;0.552;mc, 100 000, MBFV testing - no constraint - medium beta stem (3);06/03/2024
3;UGUCAGCCCC---GAAAAA----GGACACCC---AUU----AGA-----CA------GGGUGCAGGCUGU----------UUUUU;...(((((((......)).(((((........)))))..)))))......;50;-15.7;0.867;0.007;0.5;mc, 100 000, MBFV testing - no constraint - short beta stem (2);06/03/2024
4;UUCGCCGCCC---GAUGCUA---GGAGGGGUGCGGUUCGU-AUA-----UCAA-CGUGCCCCAAGCGGCCACCA------UAUCU;...(((((((.......)).((((((((.............))))))))..)))))..........;66;-23.3;0.707;0.021;0.606;mc, 200 000, no constrains;06/12/2024
5;UUUGGGGCGCGACAACUUGAGUCGCCGAUCCUC-ACUCA--AAAA----CUACA-GAGGAUCAAGCCCCUCUUCA----UUUUCA;...((((((((((.......))))).(((((((..............)))))))..)))))............;73;-26.1;0.921;0.002;0.493;mc, 100 000, no constraints except base triples;06/13/2024
6;UUUGCGCCGCUCCGACA---GGAGCCGAGUC---AC-----UGA-----A-------GACUCAAGGCGCUUU--------UCAUU;...((((((((((....))))).(((((......)))))..)))))........;54;-24.2;0.978;0.001;0.556;mc, 100 000, no constraints except base triples;06/13/2024
7;UGUCAGGCCCUGGGCUCA--CCAGGACACGG---GACA---AGA-----A-------CCGUGCAGCCUGU----------UUUUU;...((((((((((.....))))).(((((........)))))..)))))......;55;-23.2;0.886;0.004;0.582;mc, 100 000, normal constraints but NO conserved C [26];06/13/2024
8;UUCGCGCCGGGC-UGUU----GCCCAGGAGCC--AGA----AGG-----GAA----GGCUCCAAGGCGCUU---------CUUCA;...(((((((((....)))).((((((.........))))))..))))).......;56;-27.8;0.987;0.001;0.643;mc, 100 000, no iupac constrains only no conserved C in position 25;06/16/2024
9;AGUCAGGC-----------------CCACGUC---------ACCC----UUCA---GACGUGCUGCCUGUG--------GGGUUU;...(((((.((((((........))))))..)))))........;44;-16.6;0.907;0.005;0.614;mc, 100 000, no beta stem, normal constraints;06/17/2024
10;UGUCAGGC-----------------CCACCUC--UUUCCCGCACU----CU-----GAGGUGCAGCCUGUUUU------GGUGUU;...(((((.((((((.............))))))..)))))..........;51;-16.7;0.885;0.005;0.569;mc, 100 000, no beta stem, normal constraints;06/17/2024
11;UGUCAGGCCCGC-GAUUA---GCGGCCACCCUC-GAC----AGA-----AA----GAGGGUGCAGCCUGU----------UUUUU;...(((((((((.....)))).(((((((........)))))))..)))))......;57;-25.3;0.821;0.01;0.579;mc, 100 000, normal constraints];07/03/2024
12;AGUCAGGCCCGG-UUAGU---CCGGCCACCGGUAUCCCUUCCUCCA---U----UACCGGUGCUGCCUG---------UGGAGAA;...(((((((((.....)))).((((((((.............))))))))..))))).......;65;-23.3;0.803;0.013;0.615;mc, 50 000, pk2 energy added: result = freq - math.tanh(pk2_e*0.25) * 0.1;07/08/2024
13;UGUCAGGCCCACGGUAUA--CGUGGCCACCGG--AGAA---GGG-----A------CCGGUGCAGCCUGUUU--------CCCAU;...((((((((((.....))))).((((((........))))))..)))))........;59;-23.1;0.782;0.016;0.627;mc, 100 000, pk2 energy added: result = freq - math.tanh(pk2_e*0.25) * 0.1;07/09/2024
14;AGUCAGGCCCGA-CAGUGU--UCGGCCACGGGG-UCU----CUCUCA--UCU---CCCCGUGCUGCCUG--------UGAGAGAA;...(((((((((......)))).(((((((............)))))))..)))))........;64;-25.0;0.825;0.011;0.625;mc, 100 000, pk2 energy added: result = freq - math.tanh(pk2_e*0.25) * 0.1;07/09/2024
15;AGUCAGGCCAUCGGAAUAA-CGAUGCCACCUCCC-------GCCC----UUCG-GGGAGGUGCUGCCUGU---------GGGUUU;...((((((((((......))))).((((((((........))))))))..))))).......;63;-27.9;0.77;0.016;0.619;mc, 100 000, pk2 energy sigmoid: result = freq - sigmoid(pk2_e);07/09/2024
16;AGUCAGGCCGGG-UCC-----CCCGCCACGUGGAG------CCCU----UA---UCCGCGUGCUGCCUGU---------AGGGAA;...(((((((((...)))).((((((((.......))))))))..))))).......;57;-22.3;0.576;0.031;0.684;mc, 100 000, new constraints for beta and gamma, using ensemble defect instead of target frequency;07/10/2024
17;AGUCAGGCCGUC-UUAU----GACGCCACCCCG-GC-----CCA-----G-----CGGGGUGCUGCCUG-----------UGGAA;...(((((((((....)))).(((((((......)))))))..))))).....;53;-24.1;0.65;0.026;0.679;mc, 100 000, constraints for beta and gamma, opt = target frequency - (ensemble defect + sigmoid(pk2_energy));07/10/2024
