id;sequence;structure;len;MFE;freq;gc;model;date
0;GGCGGCGUCGUAUGGCAGCACACGGCCGCCCAUA-AGGCUGUGACGGGGGC-UAU-A---GGUC-------GUGCUCCCGACAUACGACGCCGCCAAAGAAAAUAAUAUUUGUGAGACC;((((((((((((((......(((((((........))))))).(((((((..........))))))).))))))))))))))........................;106;-53.7;0.618;0.585;LEO design, mc + nd, 100 000 + 10 000; 02/2024
1;GGCUAGUGUUCUGGGCAGCACACUCGGUCUUAAU-UCUGGGUGACGGGAGG---GC-CAGGGUCAA-----A-CCUCCCGACCGGAGCACUGGCCAAGAAGCCCCAA-UUUGUGAGACC;((((((((((((((......(((((((........))))))).(((((((............))))))).)))))))))))))).......................;107;-47.5;0.599;0.598;LEO design, mc + nd, 100 000 + 1000; 02/2024
2;GCUAUCUAGU---GGCAGCACACGAC-GAACGAA---GUCGUGACGGGCC-A-A--CA--GGUCAUAC------GGCCCGAC---ACUGGGUAGCAUGUGAGAGA---UUUGUGAGACC;(((((((((((......((((((.......)))))).((((((............)))))).))))))))))).....................;94;-36.2;0.669;0.564; LEO design, mc, 100 000; 02/2024
3;GGCGGCGUCGUAUGGCAGCACACGGCCGCCCAUA-AGGCUGUGACGGGGGC-UAU-A---GGUC-------GUGCUCCCGACAUACGACGCCGCCAAAGAAAAUAAUAUUUGUGAGACC;((((((((((((((......(((((((........))))))).(((((((..........))))))).))))))))))))))........................;106;-53.7;0.618;0.585;LEO design, mc + nd, 100 000 + 1000; 02/2024
4;GGCGCGU------GGCAGCACACCC--AAAUGGA-A--GGGUGACGGGGC-----AAAC-GGUCAAAA--A---GUCCCGAC------ACGCGCCAA-----------UUUGUGAGACC;((((((((......(((((........))))).((((((.............)))))).)))))))).............;80;-32.7;0.889;0.6;LEO design, mc, 500 000; 02/2024
5;GCCCGUGAAGU--GGCAGCACACC---AAAUAACC----GGUGACGGGCC--AA----A-GGUC-AAA-A-AA-GGCCCGAC--ACUUCGCGGGCAAUUGAAUA----UUUGUGAGACC;((((((((((((......((((........)))).((((((.............)))))).))))))))))))....................;93;-38.9;0.824;0.538;LEO design, mc, len = 100, 800 000; 02/2024
6;GGCUUC--GCAUCGUGGCAGCACCGGCUUGAGCCGGACCCGCUUUU---GGUCUU--GCGGGACACGGUGC--GAGGCCAUCCUUUUUUUUACUUUGCACGACC---;((((((((((((((......(((((....))))).(((((..........))))).)))))))))))))).........................;95;-44.0;0.913;0.6;mc, 100 000;02/27/2024
7;GGUAU---GUCU-GGGGCAGCACAGGCGUUAGCCUGACCCUCAACA---GGUCAA--GAGGGACCC-GGAC---AUGCCGAAAGAAGAAGAAAA-UGUG-GACC---;((((((((((((......(((((....))))).(((((..........))))).)))))))))))).......................;89;-37.3;0.928;0.562;mc, 100 000, gap problem solved;02/29/2024
8;GCCAGGAGGUGC-U-GGCAGCACCCGCUUUUGUGGGACCCUCUU----GGUC-----U--GAGGGAC-A-GCACGACCUGGCUCUCAUAUCUUCCAACUGC-----GCACC-;((((((..((((((......(((((....))))).(((((.......))))).))))))..))))))........................;91;-38.8;0.917;0.615;mc, 100 000, HL-III + PK2 changed;02/29/2024
9;GUCA-CCAGCGCCUGGGCAGCACCG-CUACCG-CGGACCCUCAA----GGUCAA------GAGGGACCGGGUGCCAG-UGACAAAAAAAAAAAAUAUAUGCA----G-ACC-;(((((..((((((((......((((....)))).(((((........))))).))))))))..)))))........................;92;-36.1;0.935;0.565;mc, 200 000, HL-III + PK2 changed;03/04/2024
10;GGGAG-AACCUG-A-GGCAGCACCGCCACACGGCGGACCCGCAA----GGUC--------GCGGGAC-U-CAGGCA-CUCCCUCUUCUUUUUUUCCU-UGC-----GCACC-;(((((..((((((......(((((....))))).(((((......))))).))))))..))))).......................;87;-37.1;0.931;0.644;mc, 500 000, HL-III + PK2 changed;03/05/2024
