,sequence
0,AGUGUCAGGCC----CAAUAGG----GCUACG----GC-----GGCCGGGGCA-------CGUGCAGCCUGGG----CCCCGGCCAU
1,CUAGUCAGGCC----CGAUAA-----GCUACU----G------GGGGCGUCUGG------AGUGCUGCCUGUC----GACGUCCUCC
2,CCAGUCAGGCCUG--UUA------UGGCUACC-----------GGCCGCGGCCCA-----GGUGCUGCCUGAU----UCGCGGCCAA
3,GCUGUCAGGCC----UUGCU------GCCACCG---U------CGUCCGCCC-------CGGUGCAGCCUG------GGUGGGUGAG
4,UUAGUCAGGCCU---UGA-------GGCUACC----G------GGGGCACCUCA------GGUGCUGCCUGAGC---GGUGUCCCCU
5,CCAGUCAGGCC----CACUGGU----GCUACGG----------CGGCGCC-UACG----UUGUGCUGCCUG-------GGCGCCGUG
6,CUAGUCAGGCC----ACGCGC-----GCCACCGG--C------GGGCGGGGCG-----CCGGUGCUGCCUGAC----CCCCGCCCCC
7,AUAGUCAGGCC----UAUCAAG----GCUACGG----------CGGGGGGGUCA-----CCGUGCUGCCUG------CCCCCCCGUG
8,UUUGUCAGGCC----UAAUAUA----GCCACA----CCC----GCGGGU--UGUA-----UGUGCAGCCUG--------ACCUGCAU
9,UAAGUCAGGCCGG--CAG------UCGCCACGGGU--------CCGUAGG-GC----ACUCGUGCUGCCUG-------CCUGCGGAC
10,AUAGUCAGGCC----GAUUC------GCCACC----GCGA---GGCGCGC-UG-------GGUGCUGCCUG-------GCGCGUCGU
11,UCAGUCAGGCC----UGGCCAA----GCCACG----AUACCU-GCCGUCGGU--------CGUGCUGCCUG------CCGACGGCUC
12,GUUGUCAGGCC----UCCGC------GCCACCA---UAG----CCCGCGCGCA------UGGUGCAGCCUGCA----CGCGCGGGAG
13,GCAGUCAGGCCC---UAU-------GGCCACA----CCGCU--GGGCGUGGA--------UGUGCUGCCUGAUC---CCGCGCCUUG
14,ACUGUCAGGCCGC--CAU------GCGCUACG-----------GGCCCGGGGAUA-----CGUGCAGCCUG------CCCGGGCCUU
15,AGUGUCAGGCC----GGCAC------GCUACG----UG-----CGGGCCGCGCUUU----UGUGCAGCCUG------GCGGCCUGCG
16,UGAGUCAGGCCUCG-GAU-----CGAGCCACCUG---------CGGGGGGGG------CGGGUGCUGCCUGUG----CCCCCCCGUU
17,ACUGUCAGGCC----CAGUUCG----GCCACCU---CG-----CGCCGCC-A-------GGGUGCAGCCUGGUG----GGCGGCGGU
18,AUUGUCAGGCCU---ACUGA-----AGCUACUG----------CCGGGGCGUUC-----UAGUGCAGCCUGAA----CGCCCCGGUU
19,CUAGUCAGGCCC---CGC-------GGCCACG----AGUG---UCGCCGCGAA-------CGUGCUGCCUGGGC---CGCGGCGGCC
20,GAAGUCAGGCCGGGGCAUG---CUUUGCCACUG---UC-----CGGGCGCGUA------CAGUGCUGCCUGGGUGG-CGCGCCCGAC
21,UCAGUCAGGCCGC--ACC------GCGCCACCG---C------UCCCCCCGGU------CGGUGCUGCCUG------CGGGGGGGUG
22,UCUGUCAGGCCU---UGA-------AGCCACG----CC-----GCCGCGGUUAUG-----UGUGCAGCCUG------GCCGCGGCUA
23,AUUGUCAGGCC----AGUCGU-----GCUACC----CGU----AUGGCGCGU--------GGUGCAGCCUGUUUAAGCGCGCCAUAG
24,UUAGUCAGGCCCU--UCCGUG---AGGCCACGC----------GGCCCGCCUGC-----GCGUGCUGCCUGCGU---GGCGGGCCAC
25,UCUGUCAGGCCGG--UUA------UUGCCACC-----------CCCCGGUCACCCG----GGUGCAGCCUGAGU---GGUCGGGGCA
26,AGUGUCAGGCC----GACCU------GCUACU----U------CCGGGCGGACG------AGUGCAGCCUGU-----UCGCCCGGAG
27,GCUGUCAGGCCCC--CAAC-----GGGCUACU----CGGCAG-GUUCCCGGA--------GGUGCAGCCUG------CUGGGGGCAC
28,CAUGUCAGGCCG---GGAAA-----CGCCACUC---A------GGCCGGGGA-------GAGUGCAGCCUG------CCCCGGUUAC
29,UCAGUCAGGCCCGC-UACU----GCGGCCACCC----------GCGGGGGCUCC-----GGGUGCUGCCUGUCGUA-GCCCCCGCAU
30,AUUGUCAGGCCC---GGAAUC----GGCCACU----A------GGCCGGGGCAA------GGUGCAGCCUGGUUAG-CCCCGGCCAA
31,UCUGUCAGGCC----CUAGACA----GCUACU----A------GCUCGGCGGUCG-----GGUGCAGCCUG------CGCCGAGCAG
32,ACAGUCAGGCCUGUGAAC----CACAGCUACAG---GA-----CCGGGGG-AA------UUGUGCUGCCUG-------CCCCCGGUG
33,CGAGUCAGGCCAAU-AUAGAUC-GUUGCCACCG---U------CGGGCGGGA-------UGGUGCUGCCUG------CCCGCCCGUA
34,AUAGUCAGGCC----GUGUC------GCUACACA---------CCGGGGGGCG-----UGUGUGCUGCCUGA-----UCCCUCGGUG
35,CAUGUCAGGCCU---UAUUU-----GGCCACCU----------GGCGGGCCACGAC---AGGUGCAGCCUGU-----GGCCCGCUAC
36,AUUGUCAGGCCU---AUUCC-----AGCCACAU---UU-----GCGGGG--CA------GUGUGCAGCCUG--------CCCCGCCC
37,UCAGUCAGGCC----GCGCA------GCCACG-----------GGGGGGGUAUGG-----UGUGCUGCCUG------GCCCCCCCCA
38,CCUGUCAGGCC----GAUGC------GCUACAU---U------CGCCCGGCGC------AUGUGCAGCCUGUU----GCCGGGUGCC
39,GCUGUCAGGCCU---AUG-------AGCUACGC---UC-----ACCCCG--GGAUG---GCGUGCAGCCUGCACUU---CGGGGUGG
40,UUUGUCAGGCCC---UGCU------GGCUACGUU---------UCCAGCG-UU-----GACGUGCAGCCUGCAUU---CGCUGGGGU
41,UAAGUCAGGCCG---GGCGAA----UGCCACU----A------CGCCUGGGUCA------GGUGCUGCCUGCCAC--CCCGGGCGCA
42,UUUGUCAGGCCG---AAG-------CGCCACC----UGUC---GGGCCG--GCAA-----GGUGCAGCCUGUG------CGGCCCGG
43,CAUGUCAGGCCG---GCUC------CGCCACC-----------GUGGGCGGAGUUC----GGUGCAGCCUGGC----CCGCCCGCGG
44,UUUGUCAGGCCG---GUAU------UGCUACGGA---------GCCCCGGGG------UUCGUGCAGCCUGU-----CCCGGGGUCG
45,UGUGUCAGGCC----CGUUCC-----GCUACA----A------GUCGGCGCGAA------UGUGCAGCCUGAGCAAAGCGCCGACAG
46,UAAGUCAGGCCU---UAU-------GGCUACG----UUCU---CGCGCGCGCCG------CGUGCUGCCUGU-----CGCGCGCGCU
47,CCAGUCAGGCCUGC-CGAA----GCGGCUACU----A------CGGCGGACGGA------AGUGCUGCCUGGU----GUCUGCCGAC
48,GAAGUCAGGCCG---AAAGAA----UGCUACG----U------GGGUGCGCUGGUG----UGUGCUGCCUGA-----GCGCGCCCCU
49,GGAGUCAGGCC----AACUU------GCUACUG---AGU----GGGCGGUGUA------CAGUGCUGCCUG------CGCCGCUCCC
50,UAAGUCAGGCC----AUCUU------GCCACG-----------CGCGGGCGGUCGC----CGUGCUGCCUGA-----CGUCCGCGUU
51,GCUGUCAGGCCC---AUU-------GGCCACG----U------GUGGGUGCCUC------CGUGCAGCCUGAA----GCACCCGCUU
52,UCUGUCAGGCC----UGAGAC-----GCUACG-----------CUGCCCGGGGGA-----UGUGCAGCCUGGA----CCGGGCAGUG
53,CUAGUCAGGCCG---UGUAC-----CGCCACUGU---------GCGGGCCCC------GCGGUGCUGCCUGCC----GGGCCCGCGA
54,GCAGUCAGGCCC---UUC-------GGCUACC----CU-----GGGGGCGGGUA------GGUGCUGCCUGG-----CCGCCCUCAU
55,UCUGUCAGGCCA---AGCUG-----UGCCACGC----------UCCCCCCCGAU-----GCGUGCAGCCUG------GGGGGGGGAC
56,UGAGUCAGGCCG---UGA-------CGCCACG----AUAC---CGGGGGCCG--------CGUGCUGCCUG------GGCCCCCGAC
57,AAUGUCAGGCC----GCCGUAA----GCUACG----GCUC---GUCGGGGCA--------CGUGCAGCCUGGC----GCCCCGGCGU
58,AUUGUCAGGCC----GAUAG------GCUACUG---GCAU---CCCCGCCGC-------UAGUGCAGCCUG------CGGCGGGGUA
59,GGAGUCAGGCC----CUGUCU-----GCCACGG---A------CGGCCCGGCAG-----CUGUGCUGCCUG------CCGGGCCGCG
60,ACAGUCAGGCCG---CCAGUA----UGCUACCAU--G------GGGUGGCGA------GUGGUGCUGCCUGGUCAA-CGCCGCCCUC
61,AGAGUCAGGCCU---UGC-------GGCUACU----G------CCCCCGGCAUCA-----AGUGCUGCCUGG-----GCCGGGGGCU
62,GGAGUCAGGCCG---UAGC------CGCCACAU---CGG----GGGGGGGCC-------GUGUGCUGCCUG------GCCCCCCCAU
63,CUAGUCAGGCCU---AUCAA-----GGCCACCU---C------CCCACCGCC-------AGGUGCUGCCUGAAC---GCGGUGGGAC
64,UUAGUCAGGCC----CACAAC-----GCUACU----GG-----CCGCGGCGAGCA-----AGUGCUGCCUGUAUAUCCGCCGCGGGC
65,CGUGUCAGGCCG---UAA-------CGCCACA----CCAG---UGCCGCGCGG-------UGUGCAGCCUGG-----GCGCGGCGGG
66,UUUGUCAGGCCG---CUUA------CGCUACCG----------GGCGGCCCCGG-----UGGUGCAGCCUGU-----GGGCCGCCAU
67,GAAGUCAGGCC----GCAUG------GCUACG----AGA----CCGGGCCCA--------CGUGCUGCCUG------GGGCCUGGCC
68,UAAGUCAGGCCU---AGU-------AGCCACG----U------CGCUCCCCCUCAU----UGUGCUGCCUGAGAU--GGGGAGCGAC
69,GCUGUCAGGCC----GAGGA------GCUACGG----------CCGGGCGCGGC-----CCGUGCAGCCUG------GCGCCCGGGU
70,ACUGUCAGGCC----AUGUG------GCUACGCUU--------GGGCCCC-CG----GGGUGUGCAGCCUGGGUU---GGGGCCUCA
71,ACAGUCAGGCC----UGUGAC-----GCUACG----GA-----UCCCCGGCUAG------CGUGCUGCCUG------GCCGGGGGUU
72,UUAGUCAGGCC----GACGA------GCCACU----G------GCCCUCUGCUGA-----AGUGCUGCCUGU-----CGGGGGGCUU
73,UCUGUCAGGCCU---AGCA------GGCCACU----AA-----CGGCCCCCACCU-----AGUGCAGCCUGCC----GGGGGCCGGG
74,GCUGUCAGGCC----CGGGA------GCCACGC---GG-----CGGGCGGGGAG-----GUGUGCAGCCUGU-----CCCGUCCGGC
75,CUUGUCAGGCCU---AAUG------AGCCACG-----------CCGCCCGGUGGU-----CGUGCAGCCUGCG----CCGGGCGGGC
76,AAAGUCAGGCC----UGGGU------GCCACG-----------CGCGGGCGAGCU-----CGUGCUGCCUGU-----CGCCCGCGCU
77,AGAGUCAGGCC----CGAAGGG----GCCACU----ACCCA--CGCGCGGAUU-------AGUGCUGCCUG------UCCGCGCGAG
78,UCAGUCAGGCCU---AGGAC-----AGCCACG-----------GUGGGGCGAUAU-----UGUGCUGCCUGCGAG--CGCCCCGCAG
79,GUUGUCAGGCC----GACCG------GCCACU-----------CGUGGCCGUCGA-----GGUGCAGCCUG------CGGCCGCGGC
80,AUUGUCAGGCCU---UAC-------AGCCACC----UG-----GCCCCGGUUG-------GGUGCAGCCUGUU----ACCGGGGUUC
81,CAAGUCAGGCCG---CUCG------CGCCACG----UGUU---GGCCGGGGGAA------UGUGCUGCCUGACAGC-CCCCGGCCAG
82,GUUGUCAGGCC----CCCGC------GCCACGU---CU-----CGGCCGGGU-------GCGUGCAGCCUG------CCUGGCCGUG
83,CGUGUCAGGCC----ACGAAC-----GCUACU----UGA----CGCGCCUCCCUU-----AGUGCAGCCUGA-----GAGGCGCGCU
84,GUAGUCAGGCC----UUUUG------GCCACA----CUU----GGGGCUCCC--------UGUGCUGCCUGUCUGG-GGAGCCCCAC
85,AAAGUCAGGCCCCC-ACUCAUC-GGGGCCACGA---UUG----GCGGCGGUC-------UCGUGCUGCCUGC-----GCUGCCGUUG
86,GAAGUCAGGCCUGC-AGG-----GCGGCCACGA---UUC----CGCGGCCCC-------UUGUGCUGCCUGUG----GGGCCGCGAC
87,CUUGUCAGGCC----GUUUAAU----GCCACU-----------CCGGGCGCGAAGA----AGUGCAGCCUGAG----GCGCCCGGAG
88,CUUGUCAGGCCC---CGA-------GGCUACC----ACCUC--CGAGGCCCU--------GGUGCAGCCUGGCUUCAGGGCCUCGUA
89,UUAGUCAGGCCG---GAUGU-----CGCCACUU---CAC----GCGGCGCGC-------GGGUGCUGCCUGAUUCC-CGCGCCGCCG
90,AUAGUCAGGCCG---ACC-------CGCCACG----GCG----GCUCGUGGCU-------UGUGCUGCCUGCA----CCACGGGUAG
91,GGUGUCAGGCCUCG-UUCG----CGAGCCACGC----------GGGGGCGCCUG-----GUGUGCAGCCUGU-----GCGCCCCUGU
92,GUAGUCAGGCCCCG-GAUUU---UGGGCUACU----UGAGGU-GCCCCGG-AA-------GGUGCUGCCUG-------CCGGGGUAC
93,UCAGUCAGGCCC---GAUUU-----GGCCACC----CUGA---CCGGCGGUGG-------GGUGCUGCCUG------GCCGCCGGUG
94,ACUGUCAGGCCG---AUCG------CGCCACG-----------AACCGCCCGUGAG----CGUGCAGCCUGCG----GGGCGGUUUG
95,GAAGUCAGGCC----CAAACG-----GCUACCU---CUGU---CCCGCGGGA-------GGGUGCUGCCUGUCAG--CCCGCGGGCC
96,AGUGUCAGGCCCG--ACCUCGU--CGGCUACGG---UC-----GCUCGCCGA-------UCGUGCAGCCUGU-----CGGCGGGCCG
97,GAUGUCAGGCC----GCCGCGA----GCUACG-----------GGGCCCA-UCACG----UGUGCAGCCUGACA----UGGGCCCAC
98,UGUGUCAGGCC----UGCAAGA----GCCACGC----------GCGGCCCGCU------GCGUGCAGCCUGCGA---CGGGCCGUGA
99,UUUGUCAGGCC----CCUGG------GCUACG----CU-----GGCGUCC-AUC------CGUGCAGCCUGAU-----GGGCGUUUC
100,CGAGUCAGGCCG---GCU-------CGCUACA----UC-----CGCGGCGGCCUC-----UGUGCUGCCUGU-----UCGCCGCGGU
101,UUUGUCAGGCCCC--UUC------GGGCCACGC---C------GCGCAGGGAG------GCGUGCAGCCUG------CCCUGCGCCU
102,GCAGUCAGGCCA---GCCG------UGCCACC-----------GCCCUCGCCGAGG----GGUGCUGCCUGUUG---GCGGGGGCCC
103,AGAGUCAGGCCG---GCGUCC----UGCUACU----AAC----GCUCGGCCAC-------AGUGCUGCCUG------GGCUGGGCAU
104,GCUGUCAGGCCG---UGGA------UGCCACCCU--A------GCAUGCCCUG-----GGGGUGCAGCCUGG-----GGGCAUGCCA
105,CAUGUCAGGCC----UGUCU------GCCACCG---ACGU---GGCGGGCCG-------CGGUGCAGCCUGCC----GGCCCGCCAA
106,UUAGUCAGGCC----GGUCC------GCCACGG---CUGUU--GCCG----AUUC----UUGUGCUGCCUGC---------CGGCGC
107,CUAGUCAGGCCGC--AGC------GUGCCACGUC---------CGCCCAG-G------GACGUGCUGCCUGCCG----CUGGGCGGG
108,UCUGUCAGGCCU---UAG-------AGCCACG----CUGCAAUGUGGCGG-U--------UGUGCAGCCUGA------CUGUCGCUU
109,CGAGUCAGGCCGC--GCCUC----GUGCUACAA----------CUGGGCGCACA-----UUGUGCUGCCUGAGUUC-GCGCCCGGCG
110,UUAGUCAGGCCG---CGAA------CGCCACUA----------GGCCGCC-UUGG----UAGUGCUGCCUG-------GGCGGCCGG
111,GGAGUCAGGCCG---AGC-------CGCCACU----G------CGCGCGCAGGC------GGUGCUGCCUGUCCA--UGCGCGCGUG
112,CCAGUCAGGCCU---GUG-------GGCCACGG---AC-----CCGCAGGGA-------CCGUGCUGCCUG------CCCUGCGGGC
113,CAUGUCAGGCCG---AUG-------CGCUACA----G------UCGUGCCGCCG------UGUGCAGCCUGAA----CGGCACGGUC
114,GCUGUCAGGCCG---GAGU------CGCCACG-----------GGCGUGGGCAAC-----CGUGCAGCCUGUCU---CCUGUGCCGG
115,UCUGUCAGGCC----CGAGGC-----GCCACU----GC-----CCGCGC--GAUA-----AGUGCAGCCUGAC------GCGCGGUA
116,CCAGUCAGGCCG---AAAG------CGCCACU----UGU----GCGGGCGGG--------GGUGCUGCCUGC-----CCGCCCGCAA
117,GUUGUCAGGCCC---AUG-------GGCUACG----C------GGGGGGGGCGACU----UGUGCAGCCUG------CCCCCCCUUG
118,UGUGUCAGGCC----UGAUUGG----GCCACU----A------CGCCCGGCAAAA-----AGUGCAGCCUG------GCCGGGCGAA
119,GAAGUCAGGCC----CUACC------GCUACCU---C------GGGGGCGGUCUU----GGGUGCUGCCUG------CCGCCCCCGG
120,GUUGUCAGGCC----GGACGAC----GCCACC----GGGGC--CGGGGGCCC--------GGUGCAGCCUG------GGCCUCCGAG
121,CAUGUCAGGCCU---ACAGU-----GGCCACAU----------CGGCGCCGUGAGC---GUGUGCAGCCUGU-----CGGCGCCGAG
122,CAUGUCAGGCC----UAGAG------GCCACC----GUUU---GGCGGGGCG--------GGUGCAGCCUGAA----GCCCCGUUAU
123,CCAGUCAGGCCA---AUCU------UGCCACU----CGAA---GGCCGC--GGGC-----AGUGCUGCCUG--------GCGGCUGG
124,UGUGUCAGGCCUAG-UCG-----UUAGCUACC----UAGUU--UGCGGGGGU--------GGUGCAGCCUG------CCCCCGCGUU
125,UUUGUCAGGCCU---GUG-------AGCCACG-----------CGCCAGCGACCAG----UGUGCAGCCUG------CGCUGGCGUA
126,GAUGUCAGGCC----AACCA------GCCACAA----------GCGGCG--ACAUG---UUGUGCAGCCUG--------CGCCGCGG
127,GAAGUCAGGCC----GCAGAGG----GCCACC----G------UGGCCGCCAACUA----GGUGCUGCCUGGGC---GGCGGCCAGA
128,AUAGUCAGGCCG---CCCCAG----CGCCACCUG--UA-----CCGGCGG-AC-----CAGGUGCUGCCUG-------CCGCCGGAU
129,GGAGUCAGGCCCG--CCUACA---UGGCCACC----U------GGCCGCGCGGGG-----GGUGCUGCCUGC-----GCGCGGCCUG
130,CGAGUCAGGCCU---UAGGG-----GGCCACGU----------UGCCGGCGGAUGU---GUGUGCUGCCUGGA----CGCCGGCGCU
131,AUAGUCAGGCC----UUAGU------GCCACG----CUG----CCGCCGCGC--------CGUGCUGCCUGA-----CGCGGCGGGU
132,CGAGUCAGGCC----UGCAUAU----GCUACU----UU-----GGGCGGGCGG-------AGUGCUGCCUG------GCCCGCCCUU
133,AAUGUCAGGCCC---AUA-------GGCCACC----C------GCGGCGCCUGU------GGUGCAGCCUGGGG---GGCGCCGUCU
134,UCAGUCAGGCC----UUCCUCC----GCCACU----UCA----UCGCGGC-CUG------AGUGCUGCCUG-------GCCGCGGUA
135,ACAGUCAGGCC----UCUAG------GCCACA-----------AGCGGGGGGCGGC----UGUGCUGCCUGC-----CCCCCGCUAG
136,AGUGUCAGGCC----UGAUUCG----GCCACC----UUG----CCCGGCCGG--------GGUGCAGCCUGACUU--CGGCCGGGAC
137,CCAGUCAGGCCGGCGGGAUA--CGCCGCCACUUGG--------GCGGCGC-CG----CCAGGUGCUGCCUGA------GCGCCGCAC
138,UAUGUCAGGCC----CCUGCU-----GCUACUG----------GCCCCCCCUAG-----CAGUGCAGCCUG------GGGGGGGCUG
139,UUAGUCAGGCCA---CUAG------UGCUACCU----------GGGCGGGGUCGC----AGGUGCUGCCUGGAG---CCCCGCCCUC
140,CAAGUCAGGCC----CCACUAG----GCUACA----AGU----GGCGGC--AUGC-----UGUGCUGCCUG--------GCCGCCGA
141,CCUGUCAGGCC----CUGGA------GCCACU----CAGU---UGUCCGC-G--------AGUGCAGCCUGUCGA---GCGGGUGUC
142,AGUGUCAGGCC----AGUAC------GCCACUGU--A------CGUCGCC-U------ACAGUGCAGCCUG-------GGCGGCGUC
143,GUAGUCAGGCCU---UUCU------AGCCACUU----------GGGGGCC-UCCAU---GGGUGCUGCCUGA------GGCCCCCGU
144,UAUGUCAGGCCC---GGGUC-----GGCCACG----GGG----GCCCGGGGUCG------CGUGCAGCCUG------CCCCGGGCGG
145,UCAGUCAGGCC----GUACGAG----GCCACGG---A------GGCCUGCCGCC-----CCGUGCUGCCUGAG----GGCGGGCCAG
146,AUAGUCAGGCCUGU-CGAG----GCAGCUACC----AUU----CCGCGCGCAC-------GGUGCUGCCUGCUUCU-GCGCGCGGCA
147,GUAGUCAGGCC----GGUAUA-----GCUACC----UCCC---CGCGGGC-CUG------GGUGCUGCCUGAC-----GCCCGCGUA
148,GAUGUCAGGCCC---UACC------GGCCACCC----------GCCCCCUCCGCU----GGGUGCAGCCUGUUGAG-GAGGGGGCUA
149,GAAGUCAGGCCU---AUA-------GGCUACUG----------CGGGCUGAUCU-----CGGUGCUGCCUGGA----UCGGCCCGUA
150,GAUGUCAGGCC----UGUGC------GCUACAG---CU-----GGGCGGGCG-------UUGUGCAGCCUGCCAA--GCCCGCCCCC
151,CCAGUCAGGCC----CUUGU------GCUACCG---G------CGGCCCGCU-------CGGUGCUGCCUGGAU---GCGGGCCGUG
152,AUAGUCAGGCC----ACGCC------GCCACACG--C------CCGGGCGCU------CGUGUGCUGCCUG------GCGUCCGGGG
153,GAAGUCAGGCCU---UAUA------GGCCACCG----------CGCGCCGGUAC-----UGGUGCUGCCUGC-----CCGGCGCGCA
154,ACUGUCAGGCCU---AAC-------GGCCACU----AA-----CGCCGUCGUGA------GGUGCAGCCUGU-----CGGCGGCGGU
155,CUAGUCAGGCCC---AUAG------GGCUACUG---CU-----GGGGGGCCAC------CAGUGCUGCCUGACA---GGCCCCCCAG
156,GGUGUCAGGCC----AAGCAC-----GCUACGG----------CCGCGGC-AUG-----CCGUGCAGCCUGUG-----GCCGCGGCA
157,CCAGUCAGGCC----AUGUUU-----GCUACUC---CUA----GGCGGCC-C-------GGGUGCUGCCUGUA-----GGCCGCCUA
158,ACAGUCAGGCCA---AAAG------UGCUACA----U------GGCUGCCGUGAC-----UGUGCUGCCUGAA----CGGCAGCCUU
159,CAUGUCAGGCC----UGACC------GCUACG----A------UCCGGGCCUUAC-----CGUGCAGCCUGGUGCG-GGCCCGGGGU
160,UUAGUCAGGCCG---AAUAGA----CGCCACG----UCGGC--GCGGCCCGUG-------UGUGCUGCCUGU-----CGGGCCGCCG
161,GCUGUCAGGCC----CGACUC-----GCCACU-----------GCGCCCCGAGAC-----GGUGCAGCCUGCGAG--CGGGGCGCCU
162,UAUGUCAGGCCC---CCGGUA----GGCUACU-----------CGGCGGCGUGUG-----AGUGCAGCCUG------CGCCGCCGUC
163,UCAGUCAGGCC----GCACGA-----GCCACGU----------GGUGGCGGCA------ACGUGCUGCCUG------CCGUCACCUG
164,UUAGUCAGGCC----CAUAGA-----GCCACGC---CU-----UGCUGAGGGU------GUGUGCUGCCUGCUAG--CCUCAGCGAC
165,ACAGUCAGGCCCU--GGAGA----AGGCUACCUC---------CCCGGGCGC------GGGGUGCUGCCUG------UGCCCGGGAA
166,AUUGUCAGGCC----CCACCC-----GCCACG----GGG----CUCGGGUGUC-------CGUGCAGCCUGG-----CGUCCGGGCU
167,GGAGUCAGGCCG---CGUC------CGCUACGU---GC-----GCCCUCUCA-------GUGUGCUGCCUG------GGGGGGGCAA
168,AUAGUCAGGCCG---GGAAACU---CGCUACCG---A------GUGCGCGCAU------CGGUGCUGCCUG------GCGCGCGCGC
169,AGAGUCAGGCCC---UCGAAGU---GGCCACCCC--A------GGGGCGG-C------GGGGUGCUGCCUG-------UCGCCCCCG
170,CCAGUCAGGCCCC--GAAGA----GGGCUACG----CCUGC--ACGGCGCGCU-------UGUGCUGCCUG------UGCGCCGUCU
171,GUAGUCAGGCCG---CGCGGG----CGCUACAG---CC-----GCCCCUACAG------CUGUGCUGCCUGUA----GUGGGGGCAG
172,CGAGUCAGGCCAG--CCCUCAA--UUGCCACAU---AA-----GCGCGCGCG-------AUGUGCUGCCUGUGGAGUGUGCGCGCCG
173,UCAGUCAGGCCC---GGGU------GGCCACC----AAA----CUGGCGGCUG-------GGUGCUGCCUG------GCCGCUAGCU
174,AGUGUCAGGCC----CUAGUC-----GCCACGU----------GCCGCGGGUGGA----AUGUGCAGCCUGCUU---CCCGUGGCCA
175,UAAGUCAGGCC----GUGCG------GCCACC----UGCCUU-GUCGCCG-CG-------GGUGCUGCCUGU------CGGCGAUUC
176,UCAGUCAGGCCGC--CAC------GCGCCACU----CGG----GUGGGCCGGC-------GGUGCUGCCUG------CGGCCCACGG
177,GAUGUCAGGCC----AUAUUC-----GCCACG----CU-----GCGGGCCGCUC------CGUGCAGCCUGUGUG--CGGCCCGUCA
178,AAUGUCAGGCC----UCAGA------GCUACGC----------GCCGGGCGAU------GCGUGCAGCCUG------UGCCCGGCGC
179,GUAGUCAGGCCGGU-UUUGCUG-GUCGCCACGC----------CGGCGUG-UUCUU---GCGUGCUGCCUGUGAAA--CGCGCCGAU
180,AAUGUCAGGCCG---UUCCG-----UGCUACGC----------UAGGCCGUAU------GCGUGCAGCCUGAC----GCGGCCUGUA
181,CUAGUCAGGCC----AAGAUG-----GCCACUU---UC-----GGCGCGCCA-------GAGUGCUGCCUGGCC---GGCGCGCCUG
182,GAUGUCAGGCCGG--CGUUGGA--UUGCUACGU---CG-----CCCCCG--UA------GCGUGCAGCCUG--------UGGGGGUA
183,CGAGUCAGGCCU---GUA-------AGCUACGC----------CGGGCCGGCGGUA---GCGUGCUGCCUGGGAUU-CCGGCCCGGG
184,CGUGUCAGGCC----AGCAU------GCCACG----UG-----UCCGCGGGUUACU----CGUGCAGCCUGAUUG--CCCGUGGGAG
185,CAUGUCAGGCCC---CGA-------GGCCACG----ACG----CCCCGCCGAAU------CGUGCAGCCUGUCCGC-CGGCGGGGUG
186,AGUGUCAGGCCG---GAUUAAC---CGCUACCU----------CGGGCACGCUU-----GGGUGCAGCCUG------CGUGCCCGAA
187,GUUGUCAGGCCU---UCG-------GGCCACCU---CUC----UGGCGGGGAC------GGGUGCAGCCUGCA----CCCCGCCGGA
188,CUAGUCAGGCC----GAUGGA-----GCCACG----UG-----GGCGCGGCAA-------CGUGCUGCCUG------GCCGUGCCAC
189,UUUGUCAGGCCAA--CGA------UUGCCACAG----------CGCCGGGCCCAU----CUGUGCAGCCUGCGGU--GCUCGGCGGA
190,AAAGUCAGGCC----CGUUA------GCUACG----CCA----GCGGCGGCGGGG-----CGUGCUGCCUG------GCUGCCGCCU
191,UGAGUCAGGCCCC--UAU------GGGCCACG----CUG----CCCGAGCCGG-------CGUGCUGCCUG------GGCUCGGGCU
192,UGUGUCAGGCC----CUUAUAC----GCUACU----A------GCGCGCGGUUA------GGUGCAGCCUG------CUGUGCGCGC
193,UAAGUCAGGCCC---CAGC------GGCCACG----A------GCGCGGCGGUACG----CGUGCUGCCUG------CGCCGCGUGG
194,ACUGUCAGGCC----UGUGG------GCUACAU---UU-----GGACGCUGC-------AUGUGCAGCCUGAAA---CGGCGUCCGU
195,UCAGUCAGGCC----UAAUA------GCCACGG---U------GCGGGUC-UGG-----UUGUGCUGCCUGUC-----GGCCUGCAU
196,UUAGUCAGGCCUUUGGCUG---UAAAGCCACU----CC-----CCGGGGGCCCA------GGUGCUGCCUGAGA---GCCCCCGGCU
197,GUUGUCAGGCC----CCACGU-----GCUACAC---CAC----AGCUGGG-GC------GUGUGCAGCCUG-------CCCAGCUGG
198,UGUGUCAGGCCG---UUUGA-----CGCCACU----U------UCACGGCCAUGA-----AGUGCAGCCUGGGC---GGCCGUGGCA
199,CAAGUCAGGCCG---CCA-------CGCUACUG---U------GCGGGGG-UC------CGGUGCUGCCUG-------CCCCUGCUA
200,UGUGUCAGGCCG---AAUU------CGCCACGC---U------UGGCCGGGAAUG----GUGUGCAGCCUGA-----CCCGGCCGGU
201,GUUGUCAGGCC----GACCA------GCCACU----UUUA---CGCCACGCU--------AGUGCAGCCUGGA----GCGUGGCGGC
202,UGAGUCAGGCCU---AGC-------GGCUACGC---G------UCAGGGG-GCGUC---GUGUGCUGCCUG-------CCCCUGACG
203,GAUGUCAGGCCA---UCCC------UGCCACCG---A------CCUGCCCGAA------CGGUGCAGCCUGCGCCU-CGGGCAGGGG
204,AUUGUCAGGCCUC--AGC------GAGCCACU-----------CGCCCCG-AGGUA----AGUGCAGCCUGGG-----UGGGGCGAU
205,ACAGUCAGGCC----UCGAUU-----GCCACC----U------UGUGGGGGUCCC-----GGUGCUGCCUG------CCCCCGCGUG
206,CAAGUCAGGCC----UUAGA------GCUACAG----------GGGGGCGUCCCA----UUGUGCUGCCUG------GCGCCCCCGU
207,UAAGUCAGGCCU---ACUCU-----AGCCACAGG--A------CCCGCG--AU-----UCUGUGCUGCCUGCA------CGCGGGGG
208,GAAGUCAGGCCU---UCGCGA----AGCUACU----UAGGG--GCGGGCGCA--------GGUGCUGCCUG------GCGCCCGCGA
209,GAUGUCAGGCCA---ACAUU-----UGCUACG-----------GGGUCCGCGCCU-----CGUGCAGCCUGGAA---GCGGACCCAU
210,UCAGUCAGGCC----CUACA------GCUACU----ACU----GGGCCCC-AC-------AGUGCUGCCUGU------GGGGCCCGC
211,CUAGUCAGGCCCG--UAUC-----UGGCUACCG----------GGGCCGGGCC------CGGUGCUGCCUGAG----CCCGGUCCGU
212,UCAGUCAGGCC----ACUGAU-----GCCACU----CGU----GCGGGGGCC--------GGUGCUGCCUG------GCCUCUGCAC
213,AUUGUCAGGCCUCGUAUA----ACGGGCCACG----C------CCCGCGCCGUUGG----CGUGCAGCCUGAAGAC-GGCGUGGGAG
214,GGUGUCAGGCCG---AGUCG-----UGCCACC----UA-----CGCGUCCGCUC------GGUGCAGCCUGU-----CGGGCGCGCC
215,AAAGUCAGGCCG---UGU-------CGCCACU----A------GGCGCGC-UAGUA----AGUGCUGCCUG-------GCGCGCCCG
216,AGUGUCAGGCCG---UCG-------CGCCACG----A------GCGCCGCGGCG------CGUGCAGCCUGUG----CGCGGCGCCG
217,CUAGUCAGGCCG---UAG-------CGCCACCU----------GGCGGCGGGAUCG---AGGUGCUGCCUG------CCGCCGCCAG
218,GAAGUCAGGCCUU--UUCCGGC--GAGCUACG-----------CCCCUGCCCCUC-----CGUGCUGCCUGGU----GGCGGGGGCU
219,CCAGUCAGGCC----UUUUCGG----GCUACU----GC-----UCUCGCCCCA-------AGUGCUGCCUG------GGGCGGGGAC
220,CCUGUCAGGCC----AAAGCCA----GCUACG----GUC----GCCGCCGCG--------UGUGCAGCCUG------GCGGCGGCCU
221,AGUGUCAGGCC----CGUACG-----GCUACG----GUU----CCGGGGGGC--------CGUGCAGCCUGG-----CCCCCCGGGC
222,CGAGUCAGGCCG---AGCCA-----UGCCACG----GACAU--CGGGCCGGGC-------UGUGCUGCCUGUAGGC-CCGGCCCGUC
223,CCUGUCAGGCCG---GAC-------CGCUACG----GA-----GCACCGGCCA-------CGUGCAGCCUGU-----GUCGGUGUGA
224,AUUGUCAGGCC----UAACCU-----GCCACCCG--GG-----GCUGGCGGA------UGGGUGCAGCCUG------CCGCCGGCAA
225,AGUGUCAGGCCG---GCUA------CGCUACGC---G------CGCCCAGGA-------GCGUGCAGCCUGC-----CCUGGGCGGA
226,UAUGUCAGGCCGGC-UUCC----GUCGCCACCU----------GCUCGCGCCU------AGGUGCAGCCUGUUAG--GCGCGGGCCU
227,CGUGUCAGGCCGU--UGUGUUA--ACGCCACUGC---------CCCCCCCCCA-----GUGGUGCAGCCUG------GGGGGGGGUA
228,GGAGUCAGGCCC---AUGG------GGCCACG----CGG----GCCACGGCA--------CGUGCUGCCUGGG----GCCGUGGCGA
229,GUAGUCAGGCCGG--GACU-----UCGCCACUC----------CCCUCGGGGAUU----GAGUGCUGCCUGC-----CCCGGGGGAC
230,AAAGUCAGGCC----GUAGAA-----GCCACU----A------UCCCACCCUCACG----AGUGCUGCCUGGAG---GGGUGGGGCU
231,CCUGUCAGGCC----GUAAA------GCUACU----UAGC---UGGGGGGGCAU------AGUGCAGCCUGGCGU--CCCCCCCGUA
232,AGUGUCAGGCCGC--CUAAUC---GUGCCACC----AAAG---CGCGCGGGAG-------GGUGCAGCCUG------CCCGCGCGCU
233,GGAGUCAGGCC----AUUUC------GCCACC-----------GUGCGGCGUGCC-----GGUGCUGCCUGG-----UGCCGCACGA
234,AAUGUCAGGCCG---ACA-------CGCCACCG---A------GCGGCGCGC-------CGGUGCAGCCUG------CGCGCCGCUG
235,GGAGUCAGGCC----AGUCUU-----GCCACC----UCUUU--GGGCUCGGG--------GGUGCUGCCUGC-----CCGAGCCCUA
236,ACAGUCAGGCC----AUGUUA-----GCUACUCC---------GGCCAUGUCAA----GGGGUGCUGCCUGCU----ACAUGGCUUG
237,GUAGUCAGGCC----UCGGU------GCCACAA---AU-----CCGGGUUGU-------UUGUGCUGCCUGG-----CGGCCCGGUU
238,CCUGUCAGGCCAA--AAA------UUGCCACAU---AAU----CGGGCGCCA-------AUGUGCAGCCUGCGCACUGGCGCCCGUG
239,UUUGUCAGGCCG---GCA-------UGCUACGG----------CGCGGCGUCAUA----CUGUGCAGCCUG------GCGCCGCGAA
240,UGAGUCAGGCCC---GAUCU-----GGCCACGAU--U------CCCGGG--G------AUUGUGCUGCCUG--------CCCGGGAU
241,CGUGUCAGGCCU---AAA-------GGCUACU----AGCC---CCCGCCU-GC-------AGUGCAGCCUGG------GGGCGGGUG
242,CUAGUCAGGCCG---UUC-------UGCCACU----UC-----GGGGCGGGGUA------GGUGCUGCCUGUA----CCCGCCUCGG
243,CCUGUCAGGCCUCCGCACCG--CGGGGCUACCC---AAA----GCGCCGG-GU------GGGUGCAGCCUG-------CCGGCGCCC
244,GGUGUCAGGCC----CAUGU------GCCACCA---ACCA---CCGUCCGGC-------UGGUGCAGCCUG------CCGGGCGGUU
245,AAAGUCAGGCC----ACGACC-----GCCACC----C------UCGCGCCGGUG------GGUGCUGCCUGGGA---CGGCGCGGCA
246,CUAGUCAGGCCGCGGCAGCU--CCGCGCUACGC----------GGGCGGGCAUA-----GCGUGCUGCCUGA-----GCCCGCCCGG
247,UUAGUCAGGCCU---UGAGC-----AGCCACGU----------GGCGCCCGGCAUU---ACGUGCUGCCUG------CGGGCGCCUG
248,CAUGUCAGGCCU---GGC-------GGCUACGC---U------GCGGGGCCCG------GCGUGCAGCCUG------GGCCCCGCGC
249,UCAGUCAGGCCA---UGC-------UGCCACC----CAG----CCGUCCGCC--------GGUGCUGCCUG------GCGGGCGGUG
250,ACUGUCAGGCCC---UGACC-----GGCCACU----CAU----CGGCGUGGUA-------GGUGCAGCCUG------CCACGUUGAC
251,GAUGUCAGGCCC---CUGAG-----GGCCACUC---CG-----GCCCGCC-UAU-----GAGUGCAGCCUGA------GGCGGGCAG
252,ACUGUCAGGCCG---ACCGACA---UGCUACG----G------CGGGCCGGAAA------UGUGCAGCCUGGGC---CCGGCCCGCA
253,GUUGUCAGGCC----AUGCGU-----GCUACU----AAAA---CCCCCUC-ACCU-----GGUGCAGCCUGACCU---GAGGGGGAA
254,GAAGUCAGGCC----GUACCUU----GCCACU----U------GCGCGGGGUCA------GGUGCUGCCUGG-----CCCCGCGUAA
255,CCUGUCAGGCC----UCGUU------GCCACGGG---------CGGGCCG-U------CCUGUGCAGCCUGUUC----CGGCCCGCG
256,AGAGUCAGGCC----CGGAC------GCUACC----A------GAGGGGCCAAG------GGUGCUGCCUGGCCA--GGCCUCUCCG
257,AAAGUCAGGCC----AGCGU------GCCACUG---CG-----GGCGGCCGA-------UGGUGCUGCCUG------CGGCCGCUAG
258,UAUGUCAGGCCG---CUUUC-----UGCUACU----AU-----UCCCGCCGGUGAC----AGUGCAGCCUGUAU---CGGCGGGGGC
259,UUAGUCAGGCC----AUAGCUU----GCCACCU---AU-----CGGGGC--UC------AGGUGCUGCCUGAAGAU---GCCCCGAA
260,GCAGUCAGGCCU---GAC-------AGCUACG----CAGUU--GCCGGGGGAC-------CGUGCUGCCUGCUUUU-CCCCUGGCCC
261,CCAGUCAGGCC----AAGCA------GCCACGGC--U------GCCGCGGCC------GUCGUGCUGCCUG------GCCGCGGCUU
262,GAUGUCAGGCCG---ACCCUA----CGCUACUCU--UG-----GGCUCCGGU------GGAGUGCAGCCUG------CCGGGGCCCG
263,GCAGUCAGGCCGU--UAC------AUGCCACU----UC-----CCGGCCUGUUUA-----AGUGCUGCCUGCGU---CGGGCUGGGC
264,CAAGUCAGGCC----AAUCC------GCUACAG----------CCCGCGGGGCGG----CUGUGCUGCCUGGUG---UCCGCGGGAU
265,CCUGUCAGGCCC---UCUCA-----GGCCACU----UAG----GCGGUGCGAAGA-----GGUGCAGCCUGU-----CGUGCCGCCU
266,UUAGUCAGGCC----CGUAAG-----GCCACG----GG-----GCGCGGC-GCGAA----UGUGCUGCCUG-------GCCGCGCAA
267,GCUGUCAGGCC----AGACGCG----GCCACC----CAGU---GCGCCCCUCGA------GGUGCAGCCUGUC----GGGGGCGCUG
268,ACUGUCAGGCCGU--UGA------ACGCCACC----C------UCGGGCGCGUGCA----GGUGCAGCCUG------GCGCCCGACC
269,AAAGUCAGGCCCG--CCGGA----CGGCCACCU---AU-----GGGGGGUGACU-----GGGUGCUGCCUGCUGAG-CAUCCCCUCU
270,UCUGUCAGGCCG---GAAUC-----CGCCACU----GCUU---CGGGGCGGA--------AGUGCAGCCUG------CCGCCCCGUG
271,CCUGUCAGGCCAU--CUUCG----GUGCCACG----CG-----UCGGGCCCAAG------CGUGCAGCCUGAAUACAGGGCCCGGGU
272,CAAGUCAGGCC----UGGGGAC----GCCACUC---C------CCCCGGGGAA------GAGUGCUGCCUGC-----UCCCGGGGCG
273,GCAGUCAGGCC----CCACG------GCCACAU---C------GGGUCCCGGC------AUGUGCUGCCUG------CGGGACCCGC
274,UAAGUCAGGCC----GCACGC-----GCCACG----AC-----CCCCCGCGUCGC-----CGUGCUGCCUG------CGCGGGGGGC
275,AUAGUCAGGCC----ACAUGA-----GCCACCGGC--------CCGCGCGCU-----GCUGGUGCUGCCUGUCA---GCGCGCGGGA
276,GUAGUCAGGCCG---GCG-------CGCCACC----CU-----CCGGCGG-GGG------GGUGCUGCCUGG------CUGCCGGAU
277,CAAGUCAGGCC----ACGAA------GCCACGC---AA-----CGCGGCCGCUA-----GCGUGCUGCCUGU-----CGGCCGCGUU
278,AAUGUCAGGCCG---GGU-------UGCCACU-----------GGGGGGCGGAAG-----AGUGCAGCCUGAG----CGCCCCUCAC
279,CGUGUCAGGCCU---CAUCC-----GGCCACG----ACGG---ACCUGGCGGA-------UGUGCAGCCUGC-----CGCCGGGUAA
280,AAUGUCAGGCC----UUGUG------GCCACU----C------CGGGCGGCAGC------GGUGCAGCCUGA-----GCCGCCCGAG
281,GCUGUCAGGCC----UAUGC------GCUACGG---G------GCGGUCGCAUG-----CUGUGCAGCCUG------GCGGCCGCAU
282,ACUGUCAGGCCU---CUCGGCA---AGCCACC-----------GGCGGGCCAAAU-----GGUGCAGCCUG------GGCCCGCCGC
283,UCUGUCAGGCC----GUCUG------GCCACG----C------AGCGCGCCUAU------CGUGCAGCCUG------GGCGCGUUGC
284,GUAGUCAGGCCAUG-ACCA----CAUGCCACGU---U------CUGGGCGCU-------GUGUGCUGCCUG------GCGUUCGGGU
285,GUAGUCAGGCCG---ACU-------CGCUACC----CA-----CCGGGGG-AUA------GGUGCUGCCUGGGGUC--CCCCCGGUU
286,GGAGUCAGGCCU---GGCC------AGCUACG----GCCGAU-CGGCUGGCG--------CGUGCUGCCUGU-----GCCGGCCGGG
287,GAAGUCAGGCC----CGUCUA-----GCUACGC----------GGCCCGUGUA------GCGUGCUGCCUGA-----CAUGGGCCGG
288,UUAGUCAGGCCU---GGU-------GGCCACUC---C------ACCGGCUGC-------GGGUGCUGCCUGA-----CGGCCGGUCC
289,UCAGUCAGGCC----CAUAAUA----GCCACC----CUA----CGCCCAG-UGGG-----GGUGCUGCCUGG------CUGGGUGAC
290,CCUGUCAGGCC----CUAACAU----GCCACG----AG-----AGCGGCGCUC-------CGUGCAGCCUGCCU---GCGCUGCUAG
291,UUUGUCAGGCC----AUUGU------GCCACGGCU--------CGUCUGGUC-----GGUCGUGCAGCCUGA-----GCCGGGCGUG
292,CGAGUCAGGCC----CGUGUC-----GCCACGG---CACG---CCCUCGGUC-------CUGUGCUGCCUGCC----GCCGAGGGCC
293,AGAGUCAGGCCUC--GAU------GAGCCACG----GGU----GCGGGGCGAGCA-----UGUGCUGCCUGA-----CGCCCUGCAC
294,UGAGUCAGGCC----UACGCC-----GCCACGG---UU-----CGGCGCCCUU------UCGUGCUGCCUGAGGCU-GGGCGCCGAU
295,AGAGUCAGGCCCU--AGC------AGGCCACGUA---------CGGCCCGCG------UAUGUGCUGCCUG------GCGGGCCGCG
296,GGUGUCAGGCC----GUUGG------GCCACC----GGA----CGGGCCCGGACA-----GGUGCAGCCUG------CGGGCCCGCC
297,UAUGUCAGGCCG---GAG-------UGCCACUC---GGAG---CCGCGCCGG-------GGGUGCAGCCUGGUAAGUCGGCGCGGGG
298,GAUGUCAGGCCG---CCC-------CGCCACC----AGGG---GGGGCCCCUC-------GGUGCAGCCUG------GGGGCUCUAU
299,AUUGUCAGGCC----UAGGGU-----GCUACG----UGCAU--CGCCCCGCG--------CGUGCAGCCUGGA----GCGGGGCGCG
300,CUAGUCAGGCCAUG-CCUU----CAUGCUACG----UG-----GCCCCGCCUGAAG----CGUGCUGCCUG------GGCGGGGCAG
301,UAAGUCAGGCCGU--UUAC-----GCGCCACGG----------GGCCCCGCGACC----CCGUGCUGCCUG------GCGGGGCCAU
302,AGUGUCAGGCCA---CCG-------UGCCACCA---AG-----CGCUGCGGC-------UGGUGCAGCCUGC-----CCGCAGUGCC
303,GGUGUCAGGCCG---AUAAA-----CGCCACG----AACG---GCGUUGCAC--------UGUGCAGCCUG------UGCAAUGCUG
304,GGUGUCAGGCCA---CAA-------UGCCACC-----------CCGCGGGUCCGCG----GGUGCAGCCUGAACA--ACCCGUGGGU
305,UCAGUCAGGCC----CUGUA------GCCACG----U------GGCCCGCGUUA------CGUGCUGCCUGGG----CGCGGGCCCC
306,UGUGUCAGGCCG---AAG-------CGCUACC----G------GGCGGCCGUGGA-----GGUGCAGCCUGUAGA--CGGCCGCUCC
307,GGUGUCAGGCCUCG-GGG-----UGGGCCACCG---A------GCCGCGGGGG------CGGUGCAGCCUGC-----CCCGUGGCCA
308,CAUGUCAGGCCG---AAGUAA----CGCUACC----C------CCCCGAG-ACAC-----GGUGCAGCCUGUGGCC--CUUGGGGCG
309,GGUGUCAGGCCGU--UCC------ACGCCACU----C------CUCCGCGGGAUG-----GGUGCAGCCUGGGUUG-CCGCGGAGUA
310,ACUGUCAGGCCC---UGCUCUA---GGCCACG----UAC----GGGGGGG-CA-------CGUGCAGCCUGG------CUCCCCCUG
311,CUUGUCAGGCCC---UAU-------GGCUACU----C------GGCCUCGCCCG------AGUGCAGCCUG------GCGGGGCCCA
312,UCAGUCAGGCCG---GCAU------UGCCACA----ACUU---AGCCGCGCG--------UGUGCUGCCUGCUG---GCGCGGCUUU
313,GCAGUCAGGCCC---GAU-------GGCCACC----UCUA---UGGCACUCGG-------GGUGCUGCCUGAAGUAUGGGUGCUGUG
314,AUAGUCAGGCCUC--AUCU-----GGGCUACC----CUAG---GCCGCGCGA--------GGUGCUGCCUGG-----CGUGCGGUCC
315,CCAGUCAGGCCG---AACGGU----UGCUACC----GU-----CGUGGCGGAAU------GGUGCUGCCUGUC----CCGCCGUGAC
316,GUUGUCAGGCCC---UAGAUG----GGCCACC----AAGGU--GGCGCCCCA--------GGUGCAGCCUGC-----GGGGCGCCCG
317,CAUGUCAGGCCG---ACGCUU----UGCCACA----CCCU---GGCCGGUCC--------UGUGCAGCCUGG-----GACCGGCCCA
318,GCAGUCAGGCCGGU-GAGGUA--GCUGCUACC----CGG----CCGCGGGGCA-------GGUGCUGCCUGA-----UCCCGUGGAA
319,GGUGUCAGGCC----AACCGG-----GCUACU----GGCC---GGCGGGGCGC-------AGUGCAGCCUGU-----GCCCCGCCGC
320,AGUGUCAGGCCU---CAGCACG---AGCUACG----U------CGCCCGGCGCCC-----CGUGCAGCCUG------GCCGGGCGAU
321,GAAGUCAGGCCA---UAGAAGG---UGCUACU----AAG----GCGCGCCUA--------AGUGCUGCCUGCAG---GGGCGCGCGA
322,GUUGUCAGGCC----CCCUGU-----GCUACG-----------GAGCCGCCGUUC-----CGUGCAGCCUG------GGCGGCUCGU
323,UAUGUCAGGCCCGCAGGUA---UGUGGCUACAG---U------CGGGGCGGA-------UUGUGCAGCCUG------CCGCCCCGCA
324,UGUGUCAGGCC----GCGGUG-----GCCACCC---AUC----GCGGGCCCA-------GGGUGCAGCCUGUG----GGGCCCGCUU
325,AGUGUCAGGCCG---GGUG------UGCUACGU----------GGGGGGCCGGCC----AUGUGCAGCCUGAGG---GGCCCCCUCG
326,GCAGUCAGGCC----GCGGGC-----GCCACG----C------CGGGCCCUGGC------CGUGCUGCCUG------AGGGCCCGAC
327,GAAGUCAGGCC----AAACG------GCCACC----AA-----UGGGCCCCCAAU-----GGUGCUGCCUG------GGGGCCCGUG
328,CCUGUCAGGCCU---CAC-------AGCCACUG---CU-----CGCCCGGCAU------CGGUGCAGCCUGUUC---GCCGGGCGUU
329,CGAGUCAGGCCG---CAGACCG---CGCUACU----CUGC---CGGACGCCUA-------AGUGCUGCCUGC-----GGCGUCCGAC
330,CGUGUCAGGCCAC--UCCCAU---GUGCCACG-----------CCGCCGUGCCCGU----CGUGCAGCCUGG-----CACGGUGGAA
331,CGUGUCAGGCCU---GGU-------AGCUACC----UGAAA--CGCGCGGCCG-------GGUGCAGCCUGC-----GUCGCGCGAA
332,GUUGUCAGGCCC---GAGU------GGCCACGG---GG-----UCCCGCCGUG------CUGUGCAGCCUGG-----CGGCGGGGAC
333,UAUGUCAGGCC----AUGAA------GCUACGU---CCC----UGUGUCCGG-------AUGUGCAGCCUGGG----UGGACGCGGG
334,GAAGUCAGGCCG---CACU------UGCUACA----CU-----CCCCCCUGGAC------UGUGCUGCCUGC-----CAGGGGGGCA
335,CUAGUCAGGCCGA--UCU------UCGCCACG----AGC----CCCUGCGGAAA------CGUGCUGCCUGGCAA--CCGCGGGGGC
336,ACUGUCAGGCCGC--CAAC-----GCGCUACG----UC-----CGGGGGUGGGG------CGUGCAGCCUG------UACCCCCGUU
337,CGUGUCAGGCC----ACUAGG-----GCUACG----GC-----GCGCCGGGUGUUG----UGUGCAGCCUGGCA---CCCGGCGCGU
338,GUUGUCAGGCCA---CCU-------UGCCACC----UAAUCGAGCCGGCC-G--------GGUGCAGCCUG-------GGCCGGCGA
339,AAUGUCAGGCC----AUCAA------GCUACG----A------CGUCCCCCACUA-----UGUGCAGCCUG------GGGGGGCGGA
340,UGUGUCAGGCCC---CAAAG-----GGCCACG----CGCAAU-CCCCCCC-GA-------UGUGCAGCCUGUG-----GGGGGGGAA
341,AAUGUCAGGCCC---CGU-------GGCCACG----U------UGGCCGGGAAAUC----CGUGCAGCCUG------CCCGGCCGAU
342,AUAGUCAGGCCA---AAUG------UGCUACGG----------CGGCGGGCAGU-----CCGUGCUGCCUGC-----GCCCGCCGCC
343,AAUGUCAGGCCUC--GUAUGA---GAGCCACC----CC-----CGCGUC--CUUU-----GGUGCAGCCUGA-------GAUGCGGG
344,ACUGUCAGGCC----CUAAC------GCCACGC---CC-----UGGUCGG-A-------GCGUGCAGCCUGAU-----CCGGCCGGA
345,CUAGUCAGGCCUA--UUUUGU---UGGCUACG-----------GUGGGCGCACCC-----UGUGCUGCCUG------GCGCCCGCGC
346,UGUGUCAGGCCG---AUC-------UGCCACG-----------UGCGCGGGUGCU-----UGUGCAGCCUGG-----CCCGCGCGUA
347,CGAGUCAGGCC----AUGCC------GCUACC----GG-----CGCGGCCGUAU------GGUGCUGCCUG------CGGCCGCGGC
348,CGAGUCAGGCCG---CCCUUC----CGCCACGCC--UA-----GGGGA---U------GGUGUGCUGCCUGCC-------UCCCUUA
349,CGAGUCAGGCCG---CUA-------CGCCACC----AC-----GGGCCGCCACCAU----GGUGCUGCCUGCUGUA-GGCGGCCCUG
350,CGUGUCAGGCCACU-UCAAA---AGUGCCACCU---A------GGGGGGGGGU------AGGUGCAGCCUG------UCCCUCCCGC
351,CAUGUCAGGCCUU--CGG------GGGCCACGU---CCC----GGCGGGCCA-------AUGUGCAGCCUG------GGCCCGCCAA
352,GAUGUCAGGCCG---UACGG-----CGCCACC----UGAACC-GCGGGGCAG--------GGUGCAGCCUG------UGCCCCGUUA
353,GAAGUCAGGCCCU--UCC------GGGCCACU----AC-----CCCGCGGCAGA------AGUGCUGCCUGAG----GCCGCGGGCC
354,CUUGUCAGGCCU---UAGC------AGCUACA----AGU----CGGGGCGCC--------UGUGCAGCCUG------GCGCCCUGCC
355,UCUGUCAGGCCCA--ACUCUUG--UGGCCACCG---C------CGCGGGGGUA------CGGUGCAGCCUGA-----CCCCCGCGUA
356,UAAGUCAGGCC----GUCCUUC----GCUACC----CA-----UCGGCGCGUG-------GGUGCUGCCUGCA----CGCGCCGAAC
357,UAAGUCAGGCC----AAGCGG-----GCUACA----A------CUGGCGCGCGU------UGUGCUGCCUGACGCU-CGCGUCAGCG
358,AGUGUCAGGCC----CGGGC------GCUACAG----------CCCCCCCGAUGAA---UUGUGCAGCCUG------CGGGGGGGCG
359,UAUGUCAGGCCC---AAGC------GGCCACGGG---------GCCGCCGGC------CUCGUGCAGCCUG------CCGGCGGCCA
360,UCUGUCAGGCC----ACGGGAG----GCUACG----GUCUU--GCCGCC--A--------CGUGCAGCCUGAGA-----GGCGGCUC
361,UUAGUCAGGCCUU--UUACUG---GGGCCACG----CAAG---CGGCGAGGUUC------CGUGCUGCCUG------CCUCGCCGUC
362,AUAGUCAGGCC----GUAGA------GCUACG----GACC---GCCCCCCCU--------UGUGCUGCCUG------GGGGGGGCUG
363,ACUGUCAGGCCG---GAGUGGU---CGCCACUGA--CGU----GCCCGC--A------UCGGUGCAGCCUGAGG-----GCGGGCUA
364,CAAGUCAGGCC----AGGUG------GCUACC----C------CUCGCCG-CUCG-----GGUGCUGCCUGGAA----CGGCGGGAG
365,GUAGUCAGGCCC---CCCG------GGCUACA-----------GCGCGCCGACCUA----UGUGCUGCCUG------CGGCGCGCAU
366,GGUGUCAGGCCG---GGUU------CGCCACGU---U------GGCGCGGGU-------ACGUGCAGCCUGUUU---CCCGCGCCAU
367,CGAGUCAGGCCU---CCGU------AGCCACG----GU-----CCCGCGCGAG-------UGUGCUGCCUG------CGCGCGGGGA
368,GAAGUCAGGCC----GUCGGA-----GCCACC----AG-----CCGGCCCCUGU------GGUGCUGCCUGAAAAG-GGGGCCGGCU
369,CCUGUCAGGCC----UUUAA------GCUACU----UGCG---GCUCCCC-C--------GGUGCAGCCUGUC-----GGGGAGUGC
370,GAAGUCAGGCC----CAUGG------GCCACUU---UU-----CCGGG---GUAC----AGGUGCUGCCUGUAACG----UCCGGGA
371,UAAGUCAGGCC----UGUUU------GCUACCAA--C------GGUGCG--CC-----UUGGUGCUGCCUGAG------CGCGCCGA
372,GUUGUCAGGCCG---GCC-------CGCCACG-----------GCGGGGGCGUUCA----CGUGCAGCCUGA-----GCCCCCGCAU
373,ACUGUCAGGCCAUU-UAUA----AAUGCUACG-----------CGUCCCGCCAUG-----UGUGCAGCCUGC-----GCGGGGCGGU
374,UCUGUCAGGCC----ACAGCCG----GCCACA----C------GGCGGGGGCUCU-----UGUGCAGCCUGCAG---CCCCCGCCUG
375,ACUGUCAGGCC----AGGAAC-----GCUACG----AC-----GCUGUGCCAG-------CGUGCAGCCUG------GGCACAGCGG
376,UAAGUCAGGCC----AAUCCCU----GCUACUA---CG-----UCGCGCGGG-------UGGUGCUGCCUGC-----CCGCGCGGAU
377,GGUGUCAGGCC----UGAUUUU----GCCACC----CUCCC--UGGCGGGGAU-------GGUGCAGCCUGAC----CCCCGCCGUU
378,GCUGUCAGGCCG---ACG-------UGCCACGG---U------CGGGCGCGC-------CCGUGCAGCCUGCG----CGCGCCCGGA
379,GUUGUCAGGCC----AGCGA------GCCACG----GCC----CGCGGCGGC--------UGUGCAGCCUGUG----CCGCCGUGGG
380,UCAGUCAGGCC----CGUGC------GCUACG----AAA----CCCCCCCCUGU------UGUGCUGCCUGGCUAAAGGGGGGGGUU
381,UAAGUCAGGCCU---GAU-------AGCUACGA----------GCCGUACGAG------UCGUGCUGCCUGC-----CGUGCGGCCC
382,GCAGUCAGGCC----AUGUA------GCUACCU---AU-----CCGGCGCGG-------GGGUGCUGCCUGA-----CGCGCUGGCA
383,GAUGUCAGGCCU---GCA-------GGCUACGU---G------GGCACGGCA-------ACGUGCAGCCUG------GCCGUGCUCC
384,AUAGUCAGGCC----UCUGCG-----GCUACC----GCC----GGUGGCGGAAG------GGUGCUGCCUG------CCGCUACCAA
385,AUAGUCAGGCC----AAUCU------GCUACG----UGCG---CCCGGGCCCU-------CGUGCUGCCUGCUC---GGCCCGGGAU
386,UAUGUCAGGCCGGC-CGUU----GCCGCCACC----GU-----GGGCCGCGCCUC-----GGUGCAGCCUG------CGCGGCUCCG
387,GGAGUCAGGCC----GAAGC------GCCACA----C------GGCUGGCGUAG------UGUGCUGCCUGC-----CGCCGGCCUG
388,GUAGUCAGGCC----AUCCG------GCUACG----CUUUG--GCCCCGGCGC-------CGUGCUGCCUGCAGG--GCCGGGGCAA
389,CCUGUCAGGCCGG--CCCUC----CCGCUACC----UAU----CCCGCCGCAGG------GGUGCAGCCUGA-----GCGGCGGGCU
390,CGUGUCAGGCC----UCCACG-----GCUACA----UAA----CUCUGCGGCCAC-----UGUGCAGCCUG------CCGCGGGGGU
391,UUAGUCAGGCC----AUACUC-----GCCACU----C------GGGCUCCCAUU------AGUGCUGCCUGC-----GGGGGCCCUG
392,GGAGUCAGGCCCGU-CCGC----GCGGCCACUG---CC-----CCGCGCCCGG------CAGUGCUGCCUGAGAUGGGGGCGCGGAC
393,GCAGUCAGGCC----GUACUAU----GCUACCG---GU-----CCGGGGUGC-------CGGUGCUGCCUGUC----CGCCCUGGAU
394,CAAGUCAGGCC----GUACCUU----GCCACU----C------GUCCCACGGAUAG----GGUGCUGCCUGCCG---CGUGGGACAC
395,CAUGUCAGGCCU---AUAGAG----GGCUACU-----------GGCCCGGCGACA-----GGUGCAGCCUG------GCUGGGCCCC
396,AUUGUCAGGCC----GAACC------GCUACGU----------CCCCGGCUAC------ACGUGCAGCCUGUACGC-GGCCGGGGAA
397,GUUGUCAGGCCA---UUA-------UGCCACC-----------GCUUUCCUACCC-----GGUGCAGCCUGAAU---AGGAAGGCCC
398,CUUGUCAGGCC----CCAGC------GCCACAU----------CGGGCGCCCG------GUGUGCAGCCUGG-----GGCGCCCGGC
399,AUUGUCAGGCC----GAUCA------GCUACG----GUGC---GGGCGGGGCCA------UGUGCAGCCUGG-----UCCCGCCCAG
400,UAAGUCAGGCCG---CCA-------CGCCACCCA---------GGGGGG--AAUG---UGGGUGCUGCCUGG-------CCCCCUCU
401,ACAGUCAGGCC----UUACGCA----GCCACUU----------GGCGCCCGGG------AAGUGCUGCCUGAUUC--CGGGCGCCGG
402,CCAGUCAGGCC----UUUCG------GCUACA-----------GCGGCGGGGGCA-----UGUGCUGCCUGGA----CCCGCCGCUU
403,UCUGUCAGGCCUUG-AGCA----CGGGCCACC-----------CCGGCCCGAUAG-----GGUGCAGCCUGC-----CGGGCCGGGU
404,CGAGUCAGGCCU---GGA-------GGCCACU----GCUG---CCGCCGGGG--------AGUGCUGCCUGG-----CCCGGCGGCA
405,AAAGUCAGGCCGU--GACAAGU--GUGCUACCG---A------GCCC----CUUGU---CGGUGCUGCCUGAU--------GGGCGG
406,UGAGUCAGGCCG---GAGG------UGCCACAC---A------CCGCCC--AGCUU---GUGUGCUGCCUGGUCUA---GGGCGGUG
407,AGUGUCAGGCCUG--UGG------CGGCCACGU----------CCCCGCUGUGUU----GCGUGCAGCCUGC-----CGGCGGGGUA
408,CUAGUCAGGCC----UUAGA------GCUACG----UCA----GGGCCCGGAA-------CGUGCUGCCUGGUCGCUCCGGGCCCUG
409,GAUGUCAGGCCGG--CGA------UUGCCACU-----------CCCCUGCGUGGAU----AGUGCAGCCUGUU----CGCGGGGGAG
410,ACUGUCAGGCC----AAAAUCG----GCCACC-----------CCGGCUCUGUUU-----GGUGCAGCCUGUC----AGGGCCGGCG
411,AGAGUCAGGCCU---CGA-------AGCUACGC----------GCGGGCCCCA------GCGUGCUGCCUGUUC---GGGCCCGCCU
412,AGUGUCAGGCCCU--UGCA-----GGGCUACU----AGGA---CGUGGAA-UAU------GGUGCAGCCUGGG-----UUCCGCGGA
413,UAAGUCAGGCC----UAACUUC----GCUACC----GCC----CGGGGCCGUC-------GGUGCUGCCUGCUCUG-CGGUCCCGGG
414,AGAGUCAGGCCA---UGCCG-----UGCCACG----AG-----GCCGCCCGAG-------CGUGCUGCCUG------CGGGUGGUCA
415,GAUGUCAGGCCG---UUAGA-----CGCUACU----CUA----GGCGGGUGG--------AGUGCAGCCUG------CGCCUGCCCC
416,GAUGUCAGGCC----CAUGGCG----GCCACGU---UCUA---GGGACGGCA-------GCGUGCAGCCUG------GCCGUCCCCG
417,GCAGUCAGGCC----GCUCG------GCCACA----CC-----CGGGCGCCUUCU-----UGUGCUGCCUGUA----GGCGCCCGAA
418,UUUGUCAGGCCCC--AGGCC----GGGCCACG----G------GGACGGGGAGA------CGUGCAGCCUG------CCCUGUUCAU
419,GAUGUCAGGCCU---UUC-------GGCUACG----AAGUCG-GCGCGCG-CA-------CGUGCAGCCUG-------CGCGCGCUC
420,GAAGUCAGGCCCCC-GAGG----GGGGCUACG----UA-----CCGCCGGGAGGGA----CGUGCUGCCUG------CCCGGCGGAC
421,ACAGUCAGGCCU---AUAGA-----GGCUACUG---GGC----GCCCUCUCA-------CGGUGCUGCCUG------GGGGGGGCUA
422,UGUGUCAGGCCA---AUC-------UGCCACC----A------CCGGCGU-GUAUG----GGUGCAGCCUGC------GCGCUGGUA
423,AAAGUCAGGCC----CGAAAC-----GCUACCA---CA-----GGCGCCGGU-------UGGUGCUGCCUG------CUGGCGCCCC
424,UCAGUCAGGCCG---UAGGG-----CGCCACG-----------CGCUCGUUCCCA-----CGUGCUGCCUG------GACGGGCGAC
425,GCUGUCAGGCC----GUUAUU-----GCUACG----GC-----CCUGCGCCCG-------CGUGCAGCCUGCCU---GGCGCGGGCG
426,UUUGUCAGGCCA---GACU------UGCUACU----CC-----CGGCCGG-CAG------GGUGCAGCCUGCA-----CCGGCCGUU
427,GUAGUCAGGCC----CGACUUA----GCUACG----U------CGCGCGCCUGU------UGUGCUGCCUGAC----GGCGCGCGCU
428,UUUGUCAGGCC----AGACU------GCCACU----GAUC---CGCCCC--GAAG-----GGUGCAGCCUG--------GGGGCGCA
429,CGAGUCAGGCC----UCAGG------GCUACU----CA-----UGCGCCUGGC-------GGUGCUGCCUGGG----CGGGCGCGAA
430,GAUGUCAGGCC----CAGUGAU----GCCACC----CCGACG-CGGUCGC-C--------GGUGCAGCCUG-------GCGGCCGCA
431,GGAGUCAGGCC----UUGGGG-----GCCACCU---GG-----CGCUGGGGA-------GGGUGCUGCCUGCAU---CCCCAGCGUU
432,CUAGUCAGGCCA---GACG------UGCCACC----UU-----CCCCGGCCUC-------GGUGCUGCCUGUUAA--GGCCGGGGUA
433,AGUGUCAGGCC----UAAGA------GCCACG-----------UCGCUGGGAAAGA----UGUGCAGCCUGU-----CCCAGUGGUC
434,GUUGUCAGGCC----CACGAU-----GCCACG----GCCA---GGUCGGCGU--------UGUGCAGCCUGAAUUACCGUCGACCAC
435,GGAGUCAGGCC----GUACAGU----GCCACU-----------GGCGCGC-CGAAA----GGUGCUGCCUGA------GCGUGUCAC
436,UCUGUCAGGCC----CAUUAUC----GCCACU----UUC----CCCGCGGGG--------AGUGCAGCCUGG-----CCCGCGGGCG
437,CAAGUCAGGCC----CCAGA------GCCACU----GAG----GCCUGGCCAA-------AGUGCUGCCUGAC----GGCCGGGCCA
438,AUAGUCAGGCCUGU-UACACU--GCGGCCACU----G------GCGCGGAGAAU------AGUGCUGCCUGGUCA--CUCCGCGCCU
439,AAAGUCAGGCCGG--ACGUG----UCGCUACUC---A------GCGCCGUCU-------GAGUGCUGCCUGUU----GGUGGCGCAC
440,CCUGUCAGGCCA---UGUAAA----UGCUACG-----------UGGGGCCGCCCA-----CGUGCAGCCUGGUA---CGGCCCCGCG
441,CGAGUCAGGCC----GAUUAU-----GCCACC----A------UGGCGCGCCCGCA----GGUGCUGCCUGCC----GCGCGCCGUG
442,UGUGUCAGGCCG---CUAAU-----CGCCACGA---UCG----GCCGGCCGA-------UUGUGCAGCCUGA-----CGGCCGGCUC
443,GGUGUCAGGCCA---ACAG------UGCCACC-----------CCUCGCCCGUUAG----GGUGCAGCCUG------GGGUGGGGCG
444,UUUGUCAGGCCGC--UUG------GCGCCACGA----------GGCCGGCCUU------UUGUGCAGCCUGAG----GGCCGGCUAC
445,AUUGUCAGGCC----AGCUC------GCCACUC---C------CCCCGGGCAG------GAGUGCAGCCUGUG----GCCUGGGGUC
446,CCAGUCAGGCCG---UCCGGC----CGCCACU----U------CCGGCCGCGCUUC----AGUGCUGCCUG------GCGGCCGGGC
447,GCUGUCAGGCC----CUACGA-----GCCACC----GCAC---GCGGGCG-UGCG-----GGUGCAGCCUGGU-----CGCCCGCCG
448,UAAGUCAGGCC----CACAU------GCUACG----U------GGCCGCGCCGGA-----CGUGCUGCCUGGUAA--GCGCGGCCCG
449,UCUGUCAGGCC----UGCCGG-----GCUACAG----------CCCGGCCGAU------CUGUGCAGCCUGUUAGGCCGGCCGGGAA
450,UCAGUCAGGCCCU--UCA------GGGCUACG----UU-----CGCGGGCGGGGC-----UGUGCUGCCUGC-----CGCCCGCGAC
451,CCAGUCAGGCC----ACGGU------GCCACG----CCUA---CGCGGCCGC--------UGUGCUGCCUGAU----CGGCCGCGAA
452,UCAGUCAGGCC----UGAUGU-----GCCACU----GGG----CUGGGCCGUG-------GGUGCUGCCUGUCUGG-CGGCCCGGGG
453,AUUGUCAGGCC----GCGCGU-----GCUACG----AGA----GGCGCGGGACAU-----CGUGCAGCCUGG-----CCCGCGCCGU
454,CGAGUCAGGCC----UACGC------GCUACG-----------GGCUCCGUGCGC-----CGUGCUGCCUG------GCGGAGCCAA
455,CAAGUCAGGCCA---UUA-------UGCCACA----UCAC---CGGGCGCGCC-------UGUGCUGCCUGCA----CGCGCCCGGC
456,CGUGUCAGGCCUU--UAGG-----GAGCUACA----AGA----UCCCCCGUG--------UGUGCAGCCUG------ACGGGGGGCA
457,CUAGUCAGGCC----UCUCAGU----GCCACG----G------GCCCGGCGAGA------CGUGCUGCCUGGAG---CGUCGGGCUG
458,GUUGUCAGGCCUGA-CGUGC---UCGGCCACC----CCC----GGGCGGGCAA-------GGUGCAGCCUGAU----GUCCGCCCUU
459,CAAGUCAGGCCG---CAAC------CGCUACAG---U------CGCUUGUCGACG----UUGUGCUGCCUGA-----GGCAGGCGUA
460,UCUGUCAGGCC----CUAAC------GCCACCC---A------GGGGCGGCC-------GGGUGCAGCCUGU-----GCUGCUCCAG
461,ACUGUCAGGCC----CUUCU------GCCACUCU---------CCGCUCUGAA-----GGGGUGCAGCCUGU-----CGGGGCGGUC
462,GCUGUCAGGCCGC--CUCC-----GCGCUACU-----------UCCCCGGUGAAA-----AGUGCAGCCUGUUU---ACCGGGGGUA
463,UCAGUCAGGCC----CUGAAC-----GCUACCGC---------CGCGGGG-ACA----GUGGUGCUGCCUG-------CCCCGCGCU
464,GGUGUCAGGCCU---GAC-------AGCCACUCG--UU-----CGGCGGGCG------CGGGUGCAGCCUG------GCCCGCCGAG
465,GAAGUCAGGCCUG--GGGU-----UAGCUACAA---CA-----CCGCCGUCGAG-----UUGUGCUGCCUG------GGCGGCGGAG
466,AGAGUCAGGCCG---AAA-------CGCUACG-----------GGGCGAGGAAUUG----UGUGCUGCCUGGCGCUUCCUCGCUCUA
467,CAUGUCAGGCC----CCGUG------GCCACU----UUGA---GGCGGCGGGA-------GGUGCAGCCUG------CCGUCGCCAA
468,AUUGUCAGGCC----CAGCGU-----GCUACC----GU-----CCCGCGCAUG-------GGUGCAGCCUGUAGCU-UGCGCGGGCC
469,CAUGUCAGGCC----UGCCU------GCCACCG---C------CCCUGUCGGUAA----CGGUGCAGCCUGUGGUACCGGCAGGGAC
470,GUAGUCAGGCC----GGCUAC-----GCUACA----AGGC---GCCAGCGCC--------UGUGCUGCCUGAGU---GCGUUGGCUC
471,CCAGUCAGGCC----UCUCC------GCCACU----GACCU--GCGGCGCGA--------GGUGCUGCCUGUGC---UGCGCCGCUA
472,GAAGUCAGGCCC---ACU-------GGCCACGCU---------GCGCCCUGGU-----AGCGUGCUGCCUG------CAGGGCGCAC
473,AGUGUCAGGCCUG--AGCU-----CGGCCACG-----------UGGGCCC-CUCUU----CGUGCAGCCUG-------GGGCCUGUC
474,UGUGUCAGGCCAA--GUAACAA--UUGCCACCG----------GCCCGCGCCG------CGGUGCAGCCUG------GCGUGGGCCC
475,GCUGUCAGGCC----GAAGU------GCCACU----CUACC--GGGCCGGGAA-------AGUGCAGCCUGAG----CCCGGCCCCU
476,GGAGUCAGGCCG---AGUC------CGCCACGU---UAU----CGCUGCGGC-------AUGUGCUGCCUG------UCGCGGCGGU
477,AAUGUCAGGCCG---AGCA------CGCUACUCC---------CCCCCCC-U------GGAGUGCAGCCUGAA-----GGGGGGGAG
478,CUUGUCAGGCC----GGCACC-----GCCACC----A------GCGGGGCCAGGU-----GGUGCAGCCUGUCA---GGCCCCGCGA
479,GUUGUCAGGCCA---UGAGUUG---UGCUACGUG---------CCCCUGCCUGU----CGCGUGCAGCCUGCAU---GGCGGGGGUC
480,GUAGUCAGGCC----GUGUCU-----GCCACC----UUU----CCCGCCGGAAC------GGUGCUGCCUGGC----CCGGCGGGUA
481,UUUGUCAGGCCG---AUC-------UGCCACU----CUU----GGGGGCUGUUGU-----GGUGCAGCCUGAA----CAGCCCCCUU
482,AAUGUCAGGCCG---GGGAAC----CGCUACUA----------CGGGGCUCGUAC----UAGUGCAGCCUGG-----GGGCCCCGGA
483,UCAGUCAGGCC----CCCAGG-----GCUACC----AGCA---CGUGGGGUCAU------GGUGCUGCCUG------GCCCCGCGGC
484,AAUGUCAGGCC----AGUCCCA----GCCACCGC--U------GCUGCCC-CCC----GUGGUGCAGCCUGAUA----GGGCGGCAU
485,GUUGUCAGGCCU---GUG-------GGCUACGC---AGU----CCCCCGG-AG------GUGUGCAGCCUGAU-----CCGGGGGCG
486,UCUGUCAGGCC----UCGAGC-----GCCACU----A------CGGGGCGCUAAU-----AGUGCAGCCUGAAC---GCGCCCCGGG
487,AAUGUCAGGCCA---ACGU------UGCUACU----CU-----GCCCCGCGUG-------GGUGCAGCCUGUCUU--CGCGGGGCGU
488,ACAGUCAGGCC----UCGCA------GCCACU----GUAU---GCCCCGCCA--------GGUGCUGCCUGUU----GGCGGGGCAC
489,AAAGUCAGGCC----ACUUC------GCCACA----UUC----AGCAGGUGC--------UGUGCUGCCUG------CGCCUGCUCG
490,UGAGUCAGGCC----AAGUGC-----GCCACGG---AAA----GCGCUCCGUC------UCGUGCUGCCUGCA----CGGAGCGCCG
491,CAAGUCAGGCCC---GAAC------GGCCACAC---U------GGCGGGGGC-------GUGUGCUGCCUGGA----CCCCCGCCUG
492,AAUGUCAGGCCCG--GCAUG----CGGCUACG----UA-----GCCUCGGGUCUUC----CGUGCAGCCUGGC----CCCGGGGCAA
493,GUUGUCAGGCCU---AUUGG-----AGCCACG-----------GCGCCACUUUGA-----UGUGCAGCCUGU-----GGUGGCGCCU
494,CCUGUCAGGCCG---GCU-------CGCCACGUC---------GCCCGUGGCG-----GGCGUGCAGCCUG------CCGCGGGUCG
495,CUAGUCAGGCC----GCUUA------GCUACU----UUCA---GCGCGGCCC--------GGUGCUGCCUG------GGCCGCGCUG
496,CGUGUCAGGCC----GCUCAGG----GCCACG----GUGC---GGCUGGCGAC-------CGUGCAGCCUG------CGCCGGCCGA
497,UCUGUCAGGCCU---CCAACAG---GGCCACU----GAU----GGCCCGCCAAG------AGUGCAGCCUG------GGCGGGCCCA
498,CAAGUCAGGCCCCG-UUUU----UGGGCUACU-----------GCGCCGCGUCCG-----GGUGCUGCCUGCUU---CGCGGCGUUU
499,AUUGUCAGGCC----CAGCCCG----GCUACC----CU-----CGGGUGUUGCGA-----GGUGCAGCCUGGU----GACGCCCGGA
500,AUAGUCAGGCC----CCUUC------GCCACGU----------CGCGUGGCCGGCC---GCGUGCUGCCUG------GCCACGCGGU
501,UUUGUCAGGCC----ACUGA------GCCACU----AAG----CCGGCCCCU--------GGUGCAGCCUG------GGGGCCGGCG
502,CGAGUCAGGCC----AGAUCU-----GCCACC-----------CGGCGUCCUGCC-----GGUGCUGCCUGC-----GGGCGCCGUG
503,UAUGUCAGGCC----CAAUGC-----GCCACG----C------AGCCCGC-CGGCC----CGUGCAGCCUGG------GCGGGCUCG
504,UUAGUCAGGCC----AGGUG------GCCACG----UG-----GCGCGCGGAC-------CGUGCUGCCUGC-----CCGCGUGUGG
505,AAUGUCAGGCCG---GGU-------CGCCACCCG--G------CCCGCCCGC------CGGGUGCAGCCUGCAU---CGGGCGGGCC
506,UGUGUCAGGCCU---GUU-------AGCCACGG---U------CCGCUUGCGUAU----CUGUGCAGCCUGGU----GCGAGCGGCC
507,AAUGUCAGGCCG---AAA-------CGCUACA----UCGU---GGCUGCCCAAC------UGUGCAGCCUGU-----GGGCGGCCCU
508,GGUGUCAGGCCU---GUUA------GGCUACA-----------UGGCCAGGAACGG----UGUGCAGCCUGA-----CCUGGCCGUC
509,ACAGUCAGGCC----AUCGA------GCCACA-----------UCGCGGUCAUAG-----UGUGCUGCCUG------GGCCGCGGCU
510,GCUGUCAGGCCCC--GGCCGGA--GGGCUACU-----------UCCGCUGGUGCC-----AGUGCAGCCUG------UCGGCGGAAU
511,UCUGUCAGGCCC---UACA------GGCCACG----AAUCG--CCGCCCCCU--------CGUGCAGCCUG------GGGGGCGGAC
512,CCAGUCAGGCCGUU-GUAGA---GAUGCUACC----CC-----GGCCCCGCAGG------GGUGCUGCCUGCUAGG-GCGGGGCCCA
513,CGUGUCAGGCCG---GAGUUAU---UGCUACGC----------CGCGAGUCGAG-----GCGUGCAGCCUG------GGCUCGCGCA
514,GAAGUCAGGCCG---UCUU------CGCCACG----A------GCCGGGUCAGCA-----CGUGCUGCCUGCG----GACCCGGCAA
515,UGUGUCAGGCC----GAACU------GCCACC-----------GCGCGGCGCCUGG----GGUGCAGCCUG------CGCCGUGCUA
516,AUUGUCAGGCCAU--UCGU-----GUGCUACCG----------UCGGCGGCGA------UGGUGCAGCCUGCGGA--GCCGCCGGUU
517,ACAGUCAGGCCG---GUCCG-----CGCCACG----GGUGU--ACCCCGG-CCU------CGUGCUGCCUGU------CCGGGGUUC
518,GCAGUCAGGCC----CCGUAG-----GCCACUC---AGCU---GCGGGCGCA-------GGGUGCUGCCUG------GUGCCCGCGG
519,AUAGUCAGGCCGC--UAG------GCGCCACCC----------GGGAGGGCUA------GGGUGCUGCCUGC-----GCCCUCCCCC
520,AUUGUCAGGCC----CAACAC-----GCCACU-----------GCCCCCGCCUAU-----GGUGCAGCCUG------GCGGGGGCUU
521,GCAGUCAGGCCA---GCC-------UGCUACCC---GUU----CUCGGGG-UU------GGGUGCUGCCUGG------CCCCGGGUG
522,GUAGUCAGGCC----UGGAC------GCUACUU----------CGGGGGCCGU------AAGUGCUGCCUGC-----GGCCCCCGCG
523,CCUGUCAGGCC----CUCAA------GCUACG----AUC----GGGGGCCGU--------CGUGCAGCCUGAU----CGGCCCCCGC
524,GAUGUCAGGCCC---CGU-------GGCUACG----CCGGA--GGGCGGCUCC-------CGUGCAGCCUGG-----AGCCGCCCUC
525,GAUGUCAGGCCA---AAU-------UGCCACCU---G------GCUGGCUUGCUC----GGGUGCAGCCUG------GAGCCGGCCU
526,GCAGUCAGGCC----GGUAG------GCUACGCU---------GGGCGUCGCU-----GGCGUGCUGCCUGACUUG-CGGUGCCCAG
527,AUUGUCAGGCC----AUAACUC----GCCACU----GGUC---GGGCCGC-CGC------AGUGCAGCCUGC------GCGGCCCCA
528,AUUGUCAGGCC----CACUA------GCCACU----AG-----GCCCCGCGGG-------AGUGCAGCCUGGCUCA-CGCGGGGCAU
529,GCUGUCAGGCCC---AUA-------GGCCACC----CCCG---GGGCGCGCGC-------GGUGCAGCCUGACG---GCGCGCCCAU
530,GAUGUCAGGCC----AGGGGG-----GCCACC----AAAGG--CCGCCGGCAU-------GGUGCAGCCUGC-----GCCGGCGGAC
531,CAAGUCAGGCCU---UGUUUGA---GGCCACGU---AGU----GCCUGUUGG-------GCGUGCUGCCUGCC----UAGCGGGCUC
532,UUUGUCAGGCCCG--CUCAAU---UGGCCACGG---U------CGGGGCCCGCGA----CUGUGCAGCCUGAC----GGGCCCCGUC
533,GCUGUCAGGCCG---AUGG------UGCUACCCCU--------CGUCCG--AUU---AGGGGUGCAGCCUGA-------CGGGUGUG
534,UAUGUCAGGCC----UAAUA------GCUACC----C------CGCCGGCGUGAC-----GGUGCAGCCUGUAA---CGCCGGCGGG
535,UGAGUCAGGCC----UUUUCUA----GCCACG----GAG----GGCGGGCCCACC-----CGUGCUGCCUGG-----GGCCCGCCUG
536,UUAGUCAGGCCUG--GGCUU----CGGCUACC----GAG----UGCGCGG-GUA------GGUGCUGCCUGUC-----CCGCGCGCA
537,AGUGUCAGGCC----GUAUG------GCCACG----UA-----CUCGGCCGUCCA-----UGUGCAGCCUG------CGGCCGGGGU
538,CAUGUCAGGCCC---GAG-------GGCUACA-----------GAGGUGGCCUCA-----UGUGCAGCCUGACCC--GCCACCUCCG
539,ACUGUCAGGCCCC--GCAAC----GGGCCACGU---A------GCCGCGGGC-------ACGUGCAGCCUGGCAGA-CCCGCGGCUU
540,AUUGUCAGGCC----GGUUU------GCUACCG----------CGCGCAGUACG-----UGGUGCAGCCUGA-----ACUGCGCGUC
541,UAAGUCAGGCCG---CUG-------CGCCACUA---UA-----GGCCCCCCG-------UAGUGCUGCCUG------GGGGGGCUGC
542,GUAGUCAGGCC----UUUAC------GCCACAG---GCCG---GGCCUUCCA-------CUGUGCUGCCUG------GGGGGGCCCC
543,GAAGUCAGGCCU---CGAC------GGCUACC----A------CGGGUGGCUGGAG----GGUGCUGCCUGCA----GCCGCCCGAC
544,CAUGUCAGGCC----AGCCC------GCUACUU---CGC----GGCCGGGCAA------GAGUGCAGCCUGC-----GCUCGGCUAA
545,AUUGUCAGGCCG---UGU-------CGCCACGG---ACG----GGCGCGCGAG------UUGUGCAGCCUGG-----CGCGCGUUGU
546,CUUGUCAGGCC----GCUCGU-----GCUACA----UC-----AGCCGGCGGG-------UGUGCAGCCUG------UGCCGGCUAG
547,GUUGUCAGGCCU---GGG-------GGCCACUG---CGA----CCUGGGC-UCU-----UAGUGCAGCCUGCCU----GUCCGGGCC
548,GUUGUCAGGCCG---CCA-------UGCUACA----C------GGCCCCGGACU------UGUGCAGCCUG------CCGGGGCCAG
549,UGAGUCAGGCC----AGAAGA-----GCCACU----CA-----CCGUCCGCAGU------GGUGCUGCCUGCU----GCGGACGGUA
550,CGAGUCAGGCC----CUGGA------GCUACAG---A------CCCGACCGAU------UUGUGCUGCCUGAGA---CGGUUGGGCU
551,CGUGUCAGGCCUGG-CUCCAA--CCAGCCACAG---U------GCGGCCCCCGA-----UUGUGCAGCCUG------GGGGCCGCGG
552,UAAGUCAGGCCG---UGAGGUA---UGCUACGUA--C------GCGCGCCGU------UAUGUGCUGCCUGUCAUGGCGGCGCGCCU
553,AGUGUCAGGCCC---AUCA------GGCUACCU---A------GUGGCCGCUAU-----GGGUGCAGCCUG------GCGGCCGCCA
554,GAUGUCAGGCC----CGGAC------GCCACU----ACA----CGGCGUCUCA-------AGUGCAGCCUGUUG---GGGCGCCGCC
555,UUAGUCAGGCC----GGCAA------GCCACC----GAUU---GCGCCGCCAG-------GGUGCUGCCUG------GGCGGCGUCG
556,AUAGUCAGGCCU---ACC-------GGCUACC----GAU----GGCGCCCGGAU------GGUGCUGCCUGUA----CGGGUGCCCU
557,CUUGUCAGGCCCUCAUCUC---UGAGGCUACC-----------GGCCGCC-GGUGC----GGUGCAGCCUGUC-----GGCGGCCAA
558,CUUGUCAGGCC----GAAGCC-----GCUACU----AG-----CCCGGGGGCA-------AGUGCAGCCUGUCGA--CCCCCGGGGC
559,ACUGUCAGGCCG---CGGAC-----UGCCACU----CG-----GGGGCG--CUACA----AGUGCAGCCUGU-------UGCCUCCC
560,AGAGUCAGGCC----GAACCGC----GCUACAU---CG-----CGUCGGGCU-------GUGUGCUGCCUGG-----GUCCGACGUG
561,AAUGUCAGGCCU---AUU-------AGCUACG----UAC----CCCGCGCAG--------CGUGCAGCCUG------UGCGCGGGAG
562,GGAGUCAGGCCG---GGU-------CGCUACU----GUGG---GCCUCGU-UA-------AGUGCUGCCUGUG-----GCGAGGCCU
563,UGUGUCAGGCC----GUGAG------GCCACC----A------GGGGGGGCUUC------GGUGCAGCCUGUC----GCCCCCCCAA
564,CAAGUCAGGCC----CUGCCCG----GCCACG----GC-----GGUGGCCUUG-------UGUGCUGCCUG------AGGCCGCCUC
565,GCAGUCAGGCC----CUUGC------GCUACG----AUA----GGGCCCC-AG-------CGUGCUGCCUGUGA----GGGGCCCUA
566,CUAGUCAGGCC----AGUUA------GCUACA----A------CGCCGCGGCAG------UGUGCUGCCUGCU----CCGCGGCGUG
567,ACAGUCAGGCC----CUCGA------GCUACUC---UUAAA--GGUGGGG-A-------GAGUGCUGCCUG-------CCCCACUCC
568,GAUGUCAGGCC----GGACC------GCCACGA----------UGCGCGG-GCG-----UCGUGCAGCCUGUCCC---CUGCGCGUC
569,CCUGUCAGGCC----GGCCC------GCUACC----G------CUCCGCCCUACGG----GGUGCAGCCUG------GGGCGGAGUU
570,GAAGUCAGGCC----AUUCGA-----GCCACG-----------CGGCGCGGUCAA-----CGUGCUGCCUG------CCGCGCCGAC
571,CAUGUCAGGCC----UGGGAG-----GCCACU----AUACC--GGGCCCCGC--------AGUGCAGCCUGA-----CGGGGCCUUU
572,AGUGUCAGGCCG---GAU-------CGCCACUG---CAAC---CCGGCCGCA-------CAGUGCAGCCUGGAU---GCGGCCGGCG
573,UCAGUCAGGCCUC--AGUC-----GGGCUACC----AU-----CCCGUGGCUA-------GGUGCUGCCUGUU----GCUGCGGGAA
574,GUAGUCAGGCCCG--GUC------CGGCUACAA----------CCGCGGCCGG------UUGUGCUGCCUG------GGCUGCGGGC
575,CCAGUCAGGCCG---GGGC------CGCUACU----CG-----GGCGACGGGUG------GGUGCUGCCUGCAG---CCGUUGCCAC
576,AGUGUCAGGCCC---UAUG------GGCCACG----AAUUG--UGCUGUGCG--------UGUGCAGCCUG------GCGCAGCGGC
577,GAAGUCAGGCC----GGGGA------GCCACGUG---------GGCGGCCGGA-----CAUGUGCUGCCUGUU----CGGCCGCCCU
578,CGAGUCAGGCCG---GACAG-----CGCCACAG---G------GGCCUCCGUA------CUGUGCUGCCUGA-----CGGGGGCCUG
579,GGAGUCAGGCC----UGACCAC----GCCACGU---C------GGCCCCGCCG------AUGUGCUGCCUG------GCGGGGCCCG
580,UCAGUCAGGCCU---CAAA------AGCCACC----CUAC---GCGCGGC-GUGG-----GGUGCUGCCUG-------GUCGCGCUA
581,ACAGUCAGGCC----CCAGU------GCCACG----GGGC---CCCCGGC-C--------UGUGCUGCCUGUGGU---GCUGGGGAG
582,CCUGUCAGGCCGC--UUACC----GUGCUACUG---C------GCCUGGCGG-------CAGUGCAGCCUGCC----CGCCGGGCUA
583,GUUGUCAGGCC----AACCU------GCCACGG----------GGGGGCGCUA------CCGUGCAGCCUGUG----GCGUCCCCUA
584,CAAGUCAGGCCU---AGUAG-----GGCCACAA---G------CGGCCGGGG-------UUGUGCUGCCUGU-----CCCGGCCGCA
585,CCAGUCAGGCCC---UGUAGA----GGCCACC----UG-----CCGGGCCGUUC------GGUGCUGCCUGGGU---CGGCCCGGAA
586,CCUGUCAGGCC----GAUCAC-----GCUACGC---G------UCCGUGCGGA------GUGUGCAGCCUGUAC---UGCGCGGGUA
587,GCUGUCAGGCC----CCUCG------GCCACGG----------GCGCGCGCGGU-----UCGUGCAGCCUGU-----GCGCGCGUGA
588,AAAGUCAGGCCC---UUAACC----GGCUACG----AUGGA--GCUGCCCGUG-------UGUGCUGCCUG------CGGGCGGCAU
589,CGUGUCAGGCCGG--UACU-----CUGCCACGU---CA-----UCGGCUG-AA------GCGUGCAGCCUGCCU----CAGCCGAUA
590,UGAGUCAGGCC----CGCCG------GCCACCG---G------AAGACCGGU-------CGGUGCUGCCUG------CCGGUCUUGC
591,CAUGUCAGGCCG---UUG-------CGCCACU----UG-----GGUGGC--UUGU-----AGUGCAGCCUG--------GCCGCCGA
592,GAAGUCAGGCC----UAUCU------GCCACC----CCG----GGCGGGG-UGGA-----GGUGCUGCCUGCCAG---CCCCGCCAU
593,UAUGUCAGGCCA---UGCCC-----UGCUACG----UUCA---GAGGGGCGACU------CGUGCAGCCUGU-----CGCCCCUCUC
594,AUUGUCAGGCC----CUAUUG-----GCCACC----G------GCGGGUGCUUG------GGUGCAGCCUGGGUA--GCGCCCGCCA
595,UAUGUCAGGCC----AGCACAC----GCCACGC---U------GGGCCCGGGC------GUGUGCAGCCUGG-----CCGGGCCCUC
596,CGAGUCAGGCC----UCGAU------GCUACA----A------CUCGCGG-CAUC-----UGUGCUGCCUGCGAA---CCGCGAGGA
597,CUAGUCAGGCCG---UCU-------UGCCACG----U------GGGGUGCCUGCU-----UGUGCUGCCUGAU----GGCACCCUAU
598,UAUGUCAGGCC----AAUCC------GCUACG----AGCU---GGUUCCGCGU-------CGUGCAGCCUGU-----GCGGGACCUC
599,CCAGUCAGGCC----CGGGC------GCUACCC---GAG----CGCCCGC-C-------GGGUGCUGCCUGCU-----GCGGGCGAC
600,ACUGUCAGGCCG---GCU-------CGCUACC----ACGUGC-CGCGCGACG--------GGUGCAGCCUGCUA---GUCGCGCGCA
601,AAUGUCAGGCCUCG-UAA-----CGGGCUACC----UG-----CCGCGGGCCCG------GGUGCAGCCUG------GCCCGCGGUU
602,GAUGUCAGGCCC---UUACC-----GGCUACG----GCCGC--GGCGCGC-GG-------CGUGCAGCCUG-------GCGCGCCGC
603,AGAGUCAGGCCU---GGC-------GGCCACUG---C------GGGCCGCGA-------UGGUGCUGCCUGG-----CGCGGCCCGA
604,GGUGUCAGGCC----CAUUCC-----GCUACG----AU-----CGGGCCCGAGCA-----CGUGCAGCCUGUG----CGGGCCCGUG
605,ACAGUCAGGCC----UGACAG-----GCCACCU----------GGCGUGGCGGA-----GGGUGCUGCCUG------GUCACGCCAG
606,UUAGUCAGGCC----CGCAGA-----GCUACU----AGAA---GCCGCUGGA--------AGUGCUGCCUG------UCAGCGGCCC
607,GUAGUCAGGCC----UGUAAU-----GCCACG----UAU----CUGCGGGCA--------CGUGCUGCCUGA-----GCCCGCGGUG
608,UGAGUCAGGCCG---GAUU------CGCUACG----GG-----GCGGCCGGAU-------UGUGCUGCCUG------CUGGCCGCUA
609,CAUGUCAGGCC----UGUUCG-----GCUACGG---GC-----CCCGGCGGAAA-----CUGUGCAGCCUG------CCGCCGGGUA
610,GAAGUCAGGCCAGG-CGC-----CCUGCCACA----C------GCCGGUCCAAGUC----UGUGCUGCCUGU-----GGGCCGGCCA
611,GUUGUCAGGCC----UUGGU------GCUACUGU--A------CGCACUG-CG-----GCGGUGCAGCCUG-------CGGUGCGUG
612,CAAGUCAGGCCA---CUUA------UGCCACGG---A------GGCUGCGUGG------UCGUGCUGCCUG------GCGCGGCUCC
613,ACUGUCAGGCC----CGGUUC-----GCCACUG---C------CUGGGGC-CAC-----CAGUGCAGCCUGUCG----GCCCCGGUG
614,GGUGUCAGGCCU---CAU-------GGCCACC----AUG----GGCCCCGCC--------GGUGCAGCCUGUCG---GCGGGGCUCC
615,ACAGUCAGGCCAAG-CGG-----UUUGCCACUU---G------GGCGCCGGGGC-----GGGUGCUGCCUGCAGC--UCGGCGCCCA
616,GGUGUCAGGCC----CAGACC-----GCUACC----GCU----GGGGGCGGG--------GGUGCAGCCUG------CCGCCCCCAU
617,CAUGUCAGGCC----UGCCC------GCUACC----A------CCGUGUUGACU------GGUGCAGCCUGGAAC--CAACGCGGAG
618,UUUGUCAGGCC----AUGCAC-----GCUACU-----------GCGCCGGCAGUC-----AGUGCAGCCUGGAGA--GCCGGUGCAC
619,AUUGUCAGGCC----AGUGCU-----GCCACGG----------GCCGGACCACUA----CUGUGCAGCCUGAUCUAUGGUCCGGCGG
620,UGUGUCAGGCCC---CUC-------GGCUACUGG---------CUCCCCGGAG-----UCGGUGCAGCCUG------CUGGGGAGGC
621,AUUGUCAGGCCC---GUAC------GGCCACA----GG-----CGGCGGUCCU-------UGUGCAGCCUGGGA---GACCGCCGCU
622,UGAGUCAGGCC----AAGCCC-----GCCACG----A------GGGGCGCGGUAU-----CGUGCUGCCUGA-----CGCGCCCCAG
623,AAUGUCAGGCC----GACAA------GCCACG----C------CGGCGUGCAAU------CGUGCAGCCUGGAA---GCGCGCCGCC
624,CGUGUCAGGCCC---AAC-------GGCCACC----G------GGCCCGGGCCGA-----GGUGCAGCCUG------CCCGGGCCCC
625,GCUGUCAGGCCU---AAC-------GGCUACCGU--A------CGGGCGGAG------GCGGUGCAGCCUG------UCCGCCUGUG
626,ACUGUCAGGCCUGG-CACUUU--CUAGCUACGU----------GCGCGCCGAC------GCGUGCAGCCUGA-----CGGCGCGCGC
627,AGUGUCAGGCCACC-ACAU----GGUGCCACC-----------GCCGCGUCGCAAC----GGUGCAGCCUG------GACGCGGCAC
628,UAAGUCAGGCCCAU-AGU-----AUGGCCACGG---A------UCCGCCGCGC------UCGUGCUGCCUGG-----GCGGCGGGUG
629,UGUGUCAGGCCG---GGA-------CGCUACC----UU-----GGCGCCGCGUA------GGUGCAGCCUG------GCGGCGCCAG
630,AGAGUCAGGCCU---AGC-------AGCCACGG---GAC----GGGGGGCGG-------CCGUGCUGCCUGC-----CGCCCCUCUC
631,AAAGUCAGGCCU---GCG-------GGCUACCU---G------UCCGUGUCGUUA----GGGUGCUGCCUGU-----GGCGCGGGGC
632,AAAGUCAGGCC----UCAUGGC----GCCACCU---UAC----GCCCGCGCG-------GGGUGCUGCCUGGC----GCGUGGGCUG
633,AGAGUCAGGCC----UCAAAU-----GCCACGA---GA-----AUCCCCUGC-------UUGUGCUGCCUGAC----CAGGGGGUGU
634,CCAGUCAGGCC----GGGAGU-----GCUACA----CACU---GGUGGC--GUG------UGUGCUGCCUGU-------GCCGCUUC
635,GGUGUCAGGCCC---CGGCG-----GGCUACC-----------CUCCCAGCGGUG-----GGUGCAGCCUG------GCUGGGGGCG
636,AUAGUCAGGCCU---CCGG------GGCUACG-----------CGGCGCCGCACA-----CGUGCUGCCUGUG----CGGCGCCGAA
637,CCUGUCAGGCCG---UUG-------UGCUACAA---A------GCCCGGUCCG------UUGUGCAGCCUGA-----GGCUGGGUCG
638,UGUGUCAGGCC----AGAACAC----GCCACCC---GG-----CGCCUGCCG-------GGGUGCAGCCUG------GGCGGGCGUU
639,UGAGUCAGGCCG---AAACUUA---UGCUACCG---GUA----GCGGCGCGG-------CGGUGCUGCCUGC-----CGCGCCGCAG
640,GCAGUCAGGCC----GAUAGUG----GCUACC-----------CCUGGGCCUCGC-----GGUGCUGCCUGAGG---GGCCCGGGCU
641,AUUGUCAGGCCG---AAG-------CGCUACG-----------CGGCGGCCUUACU----UGUGCAGCCUGG-----GGCCGUCGCU
642,CGUGUCAGGCCGG--CUAGG----UUGCUACG----UAA----GGGGUCG-UAGCA----CGUGCAGCCUG-------CGACCUCGA
643,CAAGUCAGGCCC---GUC-------GGCCACGU---UU-----CGCGGGACU-------AUGUGCUGCCUG------GUCCCGCGGA
644,AUUGUCAGGCC----UUGCAG-----GCCACUC----------UGCGGUCCUCU-----GAGUGCAGCCUGG-----GGGCCGCGAG
645,UAAGUCAGGCC----UUAUC------GCUACG----C------CCCCCCGGUAU------UGUGCUGCCUGU-----CCGGGGGGCU
646,AAUGUCAGGCC----CAGUC------GCUACG----C------GCGGGGGCAGC------CGUGCAGCCUG------GCCCCCGCAA
647,CAUGUCAGGCC----UAACCG-----GCUACUU---UG-----CAGGGCGCC-------GGGUGCAGCCUGAU----GCGCCCUGUU
648,GGUGUCAGGCC----CGUUAA-----GCCACUC---U------GCCCCGG-CC------GGGUGCAGCCUGGGCGGC-CCGGGGCUU
649,GCAGUCAGGCCCU--GAAC-----AGGCUACG----CGAU---CCCCGCCCC--------UGUGCUGCCUG------GGGCGGGGAG
650,AAUGUCAGGCC----UCAUG------GCCACC----UCGAA--AGGGGGGGA--------GGUGCAGCCUGGG----CCCCCCCUCU
651,UCUGUCAGGCCA---UUUAGCG---UGCCACG----AC-----GCGGGGCCAC-------CGUGCAGCCUGUCG---GGCCCCGCAU
652,CAUGUCAGGCCGGUCCAA----GACCGCCACG-----------CUCUCCGGGGCA-----UGUGCAGCCUGCG----CCGGAGAGAC
653,GUAGUCAGGCCC---GCG-------GGCCACG----AUA----GCCCGGCCCU-------UGUGCUGCCUGU-----GGUCGGGCUC
654,AUAGUCAGGCC----GCGUA------GCCACUG---U------UCGCGCGGAA------CGGUGCUGCCUGAAGCU-CCGCGCGGUG
655,GCUGUCAGGCC----ACACGC-----GCCACG----UCC----CGGGCCCGGGU------CGUGCAGCCUGUC----CGGGCCCGAA
656,GAAGUCAGGCCGCA-CAUCAC--UGUGCUACGC---GAA----GGAGGGCGG-------GCGUGCUGCCUG------CGCCCUCUGC
657,UUAGUCAGGCC----GUUGUUA----GCCACCU----------CGUCGCGGUC------GGGUGCUGCCUGAU----UCGCGGCGGA
658,GUUGUCAGGCCC---AAC-------GGCCACU-----------UGGCCCGCGCGU-----GGUGCAGCCUGCG----GCGGGCCAUA
659,GGUGUCAGGCC----GUACUCU----GCCACG----G------GCCCGGCCUGU------UGUGCAGCCUG------GGCCGGGUGA
660,CUAGUCAGGCCG---CUC-------CGCCACU----G------GGGCGGGGAUU------AGUGCUGCCUGGGG---CCCCGCCCAU
661,CUUGUCAGGCCG---GGG-------UGCUACGG---G------CGCGCCGGUU------CUGUGCAGCCUG------CCGGCGCGAU
662,CCUGUCAGGCCUU--GUC------GAGCCACC----A------CCGAGGUGUUC------GGUGCAGCCUGGA----CGCCUCGGGA
663,CGUGUCAGGCCU---AUCCCUC---GGCCACCU---G------CCGCGGCCAG------GGGUGCAGCCUGCA----GGCCGCGGCU
664,UAUGUCAGGCCC---CUUG------GGCUACGAC--A------GCCCCGGGCU-----GUUGUGCAGCCUG------CCCGGGGUUC
665,CCUGUCAGGCC----GCGGG------GCUACG----A------CCGGUGCGUGCA-----CGUGCAGCCUG------CGCGUCGGUU
666,CGAGUCAGGCCU---AAC-------AGCCACA----CUGCU--GGGCGGAUAC-------UGUGCUGCCUG------GUUCGCCCGG
667,GUUGUCAGGCC----AAGACA-----GCCACG----CUGAA--CGGGGGU-UCA------CGUGCAGCCUG-------GUUCCCGAU
668,CGUGUCAGGCC----CAGGA------GCCACGAU---------GCGGGGGGUA-----GUCGUGCAGCCUGGUU---UCCCCCGCAU
669,AUAGUCAGGCC----UCUUA------GCCACCG---GCA----UGCGCCGGGU------UGGUGCUGCCUG------CCGGCGCGAA
670,CCUGUCAGGCC----UGCCU------GCUACCCU--C------GCGGGGCGAU-----GGGGUGCAGCCUGG-----CGCCCCGUUA
671,UGUGUCAGGCCCA--GCAAG----UGGCCACC----UCCG---GCGGCAGGAA-------GGUGCAGCCUG------CCUGCCGCGC
672,CGAGUCAGGCCGC--UGCGUU---GCGCUACGC---A------CGCCGCC-UACC----GUGUGCUGCCUGGG-----GGCGGCGCC
673,GAAGUCAGGCCU---AAU-------GGCUACUG---C------CGGCCGC-UUCG----UAGUGCUGCCUG-------GCGGCCGAA
674,UAAGUCAGGCCC---CUAA------GGCCACG----GA-----AGCAAAAGCU-------CGUGCUGCCUGG-----CUUUUGCUGC
675,GGUGUCAGGCC----ACCGG------GCCACG----AUC----GCGGGGG-GAU------CGUGCAGCCUGGA-----CCCCCGCCA
676,UCUGUCAGGCC----AGAUCG-----GCUACG-----------CGGCGUGGCUGG-----UGUGCAGCCUGC-----CCGCGUCGGA
677,AGUGUCAGGCC----CUGAAC-----GCUACCC----------GCUGGGGCGA------GGGUGCAGCCUGCAUUC-GCCCCAGCCC
678,UGAGUCAGGCC----CUGUA------GCUACC----AC-----CCGGGUGGUU-------GGUGCUGCCUGCAC---CCGCUCGGCU
679,GGUGUCAGGCCG---CUU-------CGCCACC----CGAGGCCCGCGGCU-C--------GGUGCAGCCUGU------GGCCGCGUU
680,CCAGUCAGGCCC---UCCCG-----GGCCACA----U------GCCCGGUCAAUC-----UGUGCUGCCUGUGG---GACCGGGCCU
681,CGUGUCAGGCC----ACCCU------GCCACA----CG-----CCGGGCGCAUU------UGUGCAGCCUG------GCGCCCGGCC
682,UUAGUCAGGCCG---UUG-------CGCCACG----C------GGCCGGG-GCCUU----CGUGCUGCCUG-------CCCGGUCGU
683,ACUGUCAGGCC----AUGACU-----GCCACA----CGGA---GGGUCCGGGAA------UGUGCAGCCUGUG----CCGGACCCAG
684,AAAGUCAGGCCGC--ACGU-----GCGCCACG-----------GGGCGCCCAGCU-----UGUGCUGCCUG------GGGCGCCCUU
685,UCAGUCAGGCCCUGCUAUC---GUGGGCUACG----GUACC--GGCGGGGCUC-------CGUGCUGCCUGUC----GCCCCGCCCA
686,AGAGUCAGGCCG---GAU-------CGCCACG----CU-----CCGGGCGCUU-------CGUGCUGCCUG------GCGCCCGGCC
687,GCUGUCAGGCCU---ACCGCG----GGCUACGU---C------GGCCGGCGAG------GCGUGCAGCCUGACG---CGCCGGCCCA
688,AGUGUCAGGCC----AAGAAG-----GCCACAA---UU-----GCCGCGCCUCG-----UUGUGCAGCCUG------GGCGCGGCGC
689,GAUGUCAGGCCA---UACC------UGCUACG-----------CCCGGGGGAGUG-----CGUGCAGCCUG------CCCCCGGGAG
690,GGAGUCAGGCC----ACAUUC-----GCCACG----AA-----GGGCGGCGGU-------UGUGCUGCCUGUGAUC-CGCCGCUCGU
691,ACUGUCAGGCC----CACUCAA----GCCACCU----------CCCGGUCGAGU-----GGGUGCAGCCUGUCU---CGGUCGGGUA
692,AGUGUCAGGCCU---UUCCA-----GGCUACCC---UG-----GGGGGCGGUGU-----GGGUGCAGCCUGC-----CCGCCCCCGG
693,GUUGUCAGGCC----CUGCGA-----GCUACG----AUCC---CGCCGCU-C--------CGUGCAGCCUGGGUA---AGCGGCGAU
694,GUAGUCAGGCC----UGGGUGA----GCCACUCC---------CCGAGCCCGGG----GGAGUGCUGCCUGA-----GGGCUCGGGG
695,UAAGUCAGGCCG---GCCG------UGCCACCG----------CCGCCCUCUA------CGGUGCUGCCUGGU----GAGGGUGGUU
696,GUAGUCAGGCCG---GGG-------CGCUACC----GAU----CGCGGCC-GCCU-----GGUGCUGCCUGG------GGUCGUGGA
697,ACAGUCAGGCC----UGCUAG-----GCCACG----CUUCGC-GCACGGC-U--------CGUGCUGCCUGCCC----GCCGUGCCC
698,AAAGUCAGGCCU---CUC-------GGCCACU----CCAGCU-CUAGCCCGU--------AGUGCUGCCUGA-----CGGGCUAGAA
699,GAAGUCAGGCCG---CUGU------UGCCACC----GCUCG--GCCCGGG-AAG------GGUGCUGCCUGUG-----CCCGGGCCC
700,GCAGUCAGGCC----UGAGCUA----GCCACUC---AUU----CCGCCCUGAA------GGGUGCUGCCUG------CGGGGCGGUA
701,AAAGUCAGGCCU---UAAUC-----GGCUACC-----------GGCGAGGCUCAU-----GGUGCUGCCUGCUAU--GCCUCGCCCA
702,AGUGUCAGGCCG---UCU-------CGCCACGG---A------CGCGGGGGGGG-----CUGUGCAGCCUGA-----CCUCCGCGUU
703,GAUGUCAGGCCG---GAC-------CGCCACG----GG-----GCCCCGCCCGU------CGUGCAGCCUGCCA---GGCGGGGCCA
704,UCAGUCAGGCCGUA-GCUC----UGCGCUACGG----------CCCGCGGCAC------CCGUGCUGCCUGCC----GCCGCGGGCC
705,GCUGUCAGGCCG---AAGUG-----CGCUACCGG---------GGCCCGGGUA-----UCGGUGCAGCCUGAGAAG-CCCGGGCUUC
706,ACAGUCAGGCC----CCGUGU-----GCUACC-----------GGCCGGCGUAGA-----GGUGCUGCCUGGUGC--CGCCGGCUUA
707,ACUGUCAGGCCG---AGA-------UGCCACG----AAGC---GGCCCCACGUC------CGUGCAGCCUGA-----GUGGGGUCCU
708,UGUGUCAGGCC----AGCCU------GCCACC----UAAUC--GCGCGCGGU--------GGUGCAGCCUGUU----CCGCGCGCAA
709,AAAGUCAGGCC----AGUUGAG----GCCACUG---CC-----CUGCGCCGUU------UGGUGCUGCCUGG-----CGGCGCGGGC
710,GGUGUCAGGCCGU--UUACGU---AUGCUACG----CUU----GGCGCCG-AC-------UGUGCAGCCUGUGC----CGGCGCCCC
711,GUAGUCAGGCCG---UUA-------CGCUACC----UC-----CGGGGUGGUGU------GGUGCUGCCUGCGC---CCGCUCCGUU
712,UCUGUCAGGCC----UUGUGA-----GCCACG----UGG----CGGGCG--AACA-----CGUGCAGCCUGG-------CGCCCGCG
713,CGUGUCAGGCCG---GUGG------UGCUACUC---ACUC---GGCGGUCCC-------GGGUGCAGCCUG------GGGCCGCCGU
714,AAUGUCAGGCCG---GAGC------CGCUACUC---C------GCGCGCCCGA------GGGUGCAGCCUGA-----GGGCGCGCUG
715,ACUGUCAGGCCAA--ACCUC----UUGCCACAC---AGC----GGCCGGU-A-------GUGUGCAGCCUGU------ACCGGCCCC
716,UCUGUCAGGCCC---AUCA------GGCCACUG---CU-----UGGGGCCGC-------UAGUGCAGCCUG------CGGCCCCAUA
717,AGAGUCAGGCC----UUCCA------GCUACC----AU-----GCUCCGGGGCG------GGUGCUGCCUGU-----CCCGGAGCAA
718,GAAGUCAGGCC----GCACGC-----GCCACC----GC-----UCGGCGGGCGAAG----GGUGCUGCCUG------CCCGCCGGGG
719,UUAGUCAGGCCA---CCUG------UGCCACA----A------GGGGAGGGGGGA-----UGUGCUGCCUG------CCCUCUUUUC
720,AGUGUCAGGCCG---CGAG------UGCCACU----ACGU---GCGGCCUGCC-------AGUGCAGCCUGCCA---CGGGCCGCAA
721,AUUGUCAGGCCUG--AUAU-----CAGCUACUC---GG-----CCCGCCCGA-------GGGUGCAGCCUGUUUAC-CGGGCGGGCG
722,AUAGUCAGGCCAC--AGCACAA--GUGCCACG----ACUCC--GGGGGGCGAG-------CGUGCUGCCUGCUAG--CGCCCUCCAU
723,CGAGUCAGGCCGG--UAG------UCGCCACU----AUCG---CCGCGCGGC--------GGUGCUGCCUGGGC---CCGCGCGGUU
724,CUAGUCAGGCCG---UCAUA-----UGCCACG----AG-----GCCGGCCACUCCA----UGUGCUGCCUGU-----UGGCCGGCAG
725,UCAGUCAGGCC----UGUCGCC----GCCACC----C------GGGGCCCGAAAG-----GGUGCUGCCUGCAUCC-CGGGCCCCCU
726,ACUGUCAGGCCG---AGUUAC----CGCUACU----AG-----GGGGCGC-UUA------AGUGCAGCCUGUCU----GUGCCCCAC
727,AAAGUCAGGCCG---GGU-------CGCCACG----UGUC---CGGCCGCCCA-------CGUGCUGCCUG------GGCGGCCGGA
728,GCAGUCAGGCCG---AGU-------CGCCACCG---UC-----CGCGUGCUC-------CGGUGCUGCCUGU-----GGCACGCGUU
729,UCAGUCAGGCCU---CCCU------GGCCACCG----------GCCGGCGGGGGU----CGGUGCUGCCUGGC----CCGCCGGCAA
730,ACAGUCAGGCCCU--CGAUCC---AGGCUACU----GAC----CCCCCGGGGU-------AGUGCUGCCUGG-----CCUGGGGGGA
731,CAAGUCAGGCC----UUACU------GCCACGC---C------GGGUGCCCUGCC----GCGUGCUGCCUGAA----GGGCGUCCAG
732,UGAGUCAGGCCG---CUACAA----CGCUACGC----------UCGGCGGGAAG-----GCGUGCUGCCUG------CCCGCCGGCG
733,ACAGUCAGGCC----UUUCG------GCCACU----GC-----CCGUGAGGGUU------GGUGCUGCCUGU-----CUUCGCGGCG
734,AGAGUCAGGCC----GACAG------GCUACCU----------GCACGGCGCUC-----AGGUGCUGCCUGAU----CGCCGUGUCA
735,AGAGUCAGGCCA---CAUGA-----UGCUACG-----------CGGGGGCCACCU-----UGUGCUGCCUGGAAA--GGCCCCCGUC
736,CUAGUCAGGCCGAU-CAGA----GUUGCCACU----A------GGCGUGG-UGCC-----GGUGCUGCCUG-------CCGCGCCUU
737,GGAGUCAGGCCGG--CCUGGCU--UCGCCACG----GAGG---GCGGCCGCGU-------CGUGCUGCCUGGA----GCGGCCGCGG
738,CCAGUCAGGCCG---UCU-------UGCUACA----ACGA---GGAGCCCCGAC------UGUGCUGCCUGACGG--GGGGCUCCUA
739,CUUGUCAGGCCG---CCG-------CGCCACA----C------CCUGGCGUGGCC-----UGUGCAGCCUGGCAA--GCGCCGGGCC
740,GUUGUCAGGCCGGG-GCCGUG--CCCGCCACUA---G------GGCGGGGUC-------UGGUGCAGCCUGA-----ACCCCGCCCU
741,UGAGUCAGGCC----UAAGU------GCCACG----AAG----CCACGCCCUU-------CGUGCUGCCUGAG----GGGCGUGGCC
742,GCUGUCAGGCCCG--AAU------UGGCUACG----CCA----CCCGCGGCC--------CGUGCAGCCUG------GUCGCGGGGU
743,GCUGUCAGGCCG---UGG-------UGCUACGC---G------GGCGGGGGAGA-----GUGUGCAGCCUGAA----CCCCCGCCCC
744,UAAGUCAGGCCU---UUC-------AGCCACG-----------CCGGGCCCUAUC-----CGUGCUGCCUGG-----GGGUCCGGAU
745,GAAGUCAGGCCU---CUCGC-----AGCUACA-----------GCGGGCGCUGUG-----UGUGCUGCCUG------GCGCCCGCAA
746,CGUGUCAGGCCUG--AUGC-----CGGCUACA----GC-----GCCGCGGGGCUUA----UGUGCAGCCUGU-----CCUGCGGCAA
747,UAAGUCAGGCC----GGGAU------GCCACG-----------GGGGGGGCUAUUA----UGUGCUGCCUGUAGGC-GCCCCCCCAG
748,CGUGUCAGGCCCG--AUU------CGGCCACGC----------GGGGGGUUCC------GCGUGCAGCCUGAGG---GACCCCCCGC
749,CCUGUCAGGCCC---AGG-------GGCCACUG---G------CGCCCGCGC-------CGGUGCAGCCUGU-----CGCGGGCGUG
750,ACUGUCAGGCC----CCGGAUC----GCCACC----UC-----GCGUGCGGCGA------GGUGCAGCCUGCCC---CCGCGCGCGC
751,UAAGUCAGGCC----UCGGGG-----GCUACC----CA-----UUCGGGGCGGG------GGUGCUGCCUGGACGCUGCCCCGAGUA
752,UCUGUCAGGCCA---AGGC------UGCCACCU----------CCCGCCGGGCA-----AGGUGCAGCCUGCGU---CUGGCGGGCC
753,CCAGUCAGGCC----GGACAG-----GCCACUC----------GCUGGGCCCGCA----GAGUGCUGCCUGGC----GGCCCGGUCU
754,AGAGUCAGGCC----UCCUUG-----GCCACUU---CUC----GGGCGCCCUC------AGGUGCUGCCUGAGG---GGGCGCCCAC
755,GUAGUCAGGCC----UCACACC----GCUACG----AUC----GGCCCCUCA--------CGUGCUGCCUGAAC---GAGGGGCCCA
756,ACUGUCAGGCC----AGCAA------GCUACCGG---------GCCCGGC-C------CUGGUGCAGCCUGA------GCCGGGCUA
757,AGAGUCAGGCC----GGCCU------GCUACC-----------CCGGGCGGUGCGG----GGUGCUGCCUG------UCGUCCGGCG
758,AAAGUCAGGCCUG--CAGUA----CAGCCACG-----------CCCCGUCCGGCCC----CGUGCUGCCUG------GGGCGGGGAU
759,CGAGUCAGGCCG---UUCGU-----CGCCACUCG--U------CGCGGGGCA------CGGGUGCUGCCUGU-----GCCCCGCGCC
760,CUUGUCAGGCCAG--UUGC-----UUGCUACCA---U------GCGCUGCGUU------UGGUGCAGCCUGUCGU--CGCGGCGCUG
761,UAAGUCAGGCC----CAGUC------GCCACG----C------GCAACCCGGUAA-----CGUGCUGCCUGCGA---CGGGUUGCAA
762,UAUGUCAGGCCAA--AGUU-----UUGCCACU----C------CGGCGGCGCCGAA----AGUGCAGCCUGU-----CGCCGCCGCU
763,ACUGUCAGGCCU---GAA-------GGCUACU----CAAC---CCGCCGCCUC-------GGUGCAGCCUGUUGU--GGCGGCGGUA
764,ACAGUCAGGCCC---GAUGUA----GGCUACUAG---------CCGGCGGGA------CUGGUGCUGCCUGCUG---CCCGCUGGAA
765,GUUGUCAGGCCU---CCA-------GGCCACGG---UCA----GUCCGGCCU-------CCGUGCAGCCUGU-----GGCCGGGUCC
766,CCAGUCAGGCCUG--UCAUUG---CGGCCACU-----------UUCGGCCCGCGA-----GGUGCUGCCUG------GGGCCGAGCC
767,GGAGUCAGGCCA---GAC-------UGCUACU----GAG----GGGGCGCCUUC------GGUGCUGCCUG------GGCGCCCCGC
768,AUUGUCAGGCCGA--GAA------UUGCCACC-----------CGCGGCG-AUUGG----GGUGCAGCCUGAUCGG--CGCCGCGAA
769,ACAGUCAGGCCU---AAC-------GGCUACC----GUUCGA-GGCGCGCAU--------GGUGCUGCCUG------UGCGCGCCAG
770,GAUGUCAGGCCU---UGUAG-----GGCCACU----G------CCCGCCCGGGA------GGUGCAGCCUG------CGGGUGGGUC
771,CGAGUCAGGCCUU--UGU------AAGCUACGC---CGA----CCCCGCCGG-------GCGUGCUGCCUGG-----CGGCGGGGCU
772,AGUGUCAGGCCU---AAUU------GGCUACG----AUCC---GCCGCGGCGC-------UGUGCAGCCUGC-----GCCGCGGCGC
773,ACAGUCAGGCC----GUGUA------GCUACGGUA--------GGCGGCCCU-----UAUUGUGCUGCCUG------GGGCCGCUAC
774,GUUGUCAGGCCG---CUCU------CGCUACGG---U------GGCGCCCGU-------CUGUGCAGCCUGAG----CGGGCGCCGG
775,AAAGUCAGGCCUC--UUGUGC---GAGCCACC----AUU----GGGCGCGACUA------GGUGCUGCCUGA-----UUGCGCCCUC
776,AUAGUCAGGCC----AGGUC------GCCACG----UGG----GCUCGCUCG--------CGUGCUGCCUGCCCC--GAGCGGGCCC
777,CUUGUCAGGCC----CGUCC------GCCACGA---A------GCGCCGGCCC------UCGUGCAGCCUG------GCCGGCGCGU
778,UAUGUCAGGCC----CAGUA------GCUACC----CGU----CGCCCCCGC--------GGUGCAGCCUGAU----CGGGGGCGGG
779,GGAGUCAGGCC----UUGUA------GCUACUU---A------GGGCGGG-GU------GGGUGCUGCCUG-------CCCGCCUAC
780,GCUGUCAGGCCGG--ACU------CUGCUACA----UGAGA--GGUCGGCCU--------UGUGCAGCCUGC-----GGCCGACCGC
781,GGUGUCAGGCC----AAUUGG-----GCCACCGC---------CGCCCGGGUC-----GCGGUGCAGCCUG------CCCGGGCGCA
782,CUAGUCAGGCCC---UCCA------GGCUACCU---UUUG---CCGCUCC-C-------GGGUGCUGCCUGCUUUU--GGGGCGGUG
783,AGUGUCAGGCC----UCCGC------GCCACGG---GA-----GGCCGCCCC-------CUGUGCAGCCUG------GGGCGGCCUG
784,GCAGUCAGGCCCUA-GUAU----UGGGCUACAC----------GGCCGCUGACAC----GUGUGCUGCCUGAAUA--CGGCGGCCAG
785,GUAGUCAGGCC----GACGC------GCCACC----GC-----CCCCAGGCUC-------GGUGCUGCCUGU-----GCCUGGGGGG
786,GCAGUCAGGCC----ACCAG------GCCACG----CUAU---CCGGCAGGU--------UGUGCUGCCUGG-----UCUGCCGGAU
787,UAAGUCAGGCCUA--UUG------UGGCCACG----CGAC---ACCGGGGGG--------CGUGCUGCCUG------CCCUCGGUGG
788,GCUGUCAGGCCUU--UUGAUG---GGGCCACU----G------CCGCGGCGGAAGC----GGUGCAGCCUGU-----CGCCGUGGCA
789,AGUGUCAGGCCGA--CUCUG----UUGCCACGC---UC-----CGCCGCCCU-------GUGUGCAGCCUGAAA---GGGCGGCGGA
790,CAUGUCAGGCC----CGUGUU-----GCCACCUGG--------GGGCGCG-UG----UCGGGUGCAGCCUG-------CGUGCUCUA
791,AAUGUCAGGCCA---CCCACGG---UGCUACGU---CGC----CAGCGGG-UC------GUGUGCAGCCUG-------CCCGCUGAG
792,CGUGUCAGGCC----ACUAU------GCCACU----GGU----GGCGCGG-ACU------AGUGCAGCCUG-------CCGCGCCAU
793,GUUGUCAGGCCAU--AAG------GUGCCACU----GGGG---CCCGCGGGG--------AGUGCAGCCUGA-----CCCGCGGGGC
794,CCAGUCAGGCC----UACAUA-----GCUACUC---AACGG--GCGUGCC-U-------GAGUGCUGCCUGGCCCAG-GGCGCGCUA
795,UGUGUCAGGCC----CAACUUU----GCCACG----GCACU--GGCCCGG-C--------CGUGCAGCCUGUGC----CCGGGCCGU
796,UGUGUCAGGCCU---CCAAGU----GGCUACG-----------GGGGGGGCGCUC-----CGUGCAGCCUGACC---GCCCCCCCCC
797,AAAGUCAGGCC----GCCGGA-----GCCACG-----------GGGCCCGGAUUU-----UGUGCUGCCUGCUAAAACCGGGCCUCA
798,CAAGUCAGGCC----UACGAC-----GCUACAGU---------GGCGCC--GAGG---ACUGUGCUGCCUG--------GGCGCCCG
799,AUAGUCAGGCCC---CCGU------GGCCACU----G------CGCCCGGGGGCA-----GGUGCUGCCUGG-----CCCGGGCGAG
800,CCUGUCAGGCC----AAAGU------GCCACU-----------GCCGGCCGACUC-----GGUGCAGCCUGAUC---CGGCCGGCCU
801,AAAGUCAGGCC----CUACC------GCUACG-----------UGGCGCUGAAGG-----CGUGCUGCCUGGUUG--CGGUGCCAUG
802,CAUGUCAGGCC----UCGCAA-----GCCACG----UC-----GGGCGGCCGAGA-----CGUGCAGCCUG------GGCCGCCCUG
803,AUAGUCAGGCCGU--UCGGG----AUGCUACUG---CAAC---CCCCCGC-UG------UGGUGCUGCCUG-------GCGGGGGUU
804,AUAGUCAGGCC----GCGGCU-----GCCACUC---AA-----GGGCCGCGCUG-----GGGUGCUGCCUGA-----CGCGGCCCGG
805,ACAGUCAGGCCG---GUGG------CGCCACGU---CCGGG--UGGUCGG-U-------GUGUGCUGCCUGAUCUGG-CCGGUCGGC
806,AGAGUCAGGCC----UGGAGGA----GCUACU----UUC----GGGCCCCCA--------GGUGCUGCCUGCAUA--GGGGGCCUAA
807,UCAGUCAGGCCGA--CAGC-----UUGCCACC----UCG----CGCUGGCCAGAG-----GGUGCUGCCUGCA----GGCCGGCGCA
808,CCUGUCAGGCC----CAACC------GCCACUU---A------GGUCCGGCGG------AAGUGCAGCCUGG-----GCCGGGCCUG
809,CAAGUCAGGCCG---CACC------CGCUACACCG--------CUGCGGGCA-----UGGUGUGCUGCCUGACU---GCCUGCGGAG
810,CAAGUCAGGCCG---CUCG------UGCCACCU---C------GCCCUGCGG-------GGGUGCUGCCUGAC----CGCGGGGCUU
811,GAUGUCAGGCCCU--AGGAG----GGGCCACCG---AUG----CGCCCCGGG-------CGGUGCAGCCUGAUC---CCGGGGCGUA
812,AGAGUCAGGCC----GGACU------GCCACUGU---------CGCGCGCGG------ACGGUGCUGCCUG------CGCGCGCGCU
813,GCUGUCAGGCC----CGAGC------GCUACU----A------CAGGCGG-GCAC-----GGUGCAGCCUG-------CCGUUUGUC
814,UAAGUCAGGCCG---UAGU------CGCCACC----AAACUG-CCGGGGC-G--------GGUGCUGCCUGGAU----GCCCCGGCU
815,GAAGUCAGGCCUUG-AUG-----UGAGCUACC----GUU----CCGCCCCCU--------GGUGCUGCCUG------GGGGGCGGCC
816,CAAGUCAGGCCC---AACAA-----GGCCACUCC---------GGCGCGCGACA----GGGGUGCUGCCUGGGC---CGCGCGCCGC
817,AUAGUCAGGCCAA--GAGCA----UUGCCACU-----------CGCGGGCGAAACU----GGUGCUGCCUGCGAG--UGUCCGCGAG
818,GAUGUCAGGCC----CCUAU------GCUACAA---C------CUCGGGGCCC------UUGUGCAGCCUG------GCCCUGGGGU
819,ACAGUCAGGCC----UUGAA------GCCACG----GACC---CGGGGGCUGG-------UGUGCUGCCUGUCCA--GGCCCCCGAU
820,GCUGUCAGGCC----UACGG------GCUACCG----------CGCCCCG-CUGAU---CGGUGCAGCCUGAG-----CGGGGUGGG
821,CGUGUCAGGCCCC--AUUUG----GGGCUACU-----------GCCUGCGCAUUC-----GGUGCAGCCUG------GUGCGGGCCA
822,UAAGUCAGGCC----GUUCCU-----GCCACG----UAACC--GGCGGGGGU--------UGUGCUGCCUGAGGC--CCCCCGCCUC
823,CAUGUCAGGCC----GGAGAAG----GCUACC----AA-----CCGCCCUGGAGU-----GGUGCAGCCUG------CAGGGCGGUG
824,GAAGUCAGGCCG---GCA-------UGCCACC----A------GCGCGGG-CGCU-----GGUGCUGCCUGUUUCG--CCCGCGCCG
825,UGAGUCAGGCCC---AGU-------GGCCACUG---G------CCGCCGCGA-------UGGUGCUGCCUGUA----CGCGGCGGGA
826,AGAGUCAGGCC----AUGAUG-----GCCACG----CUCU---GGCGCCGGUAU------UGUGCUGCCUG------UCGGCGCCAA
827,CCAGUCAGGCC----AAUCU------GCCACGU----------GCGGGCG-UUU-----GCGUGCUGCCUGCGAG---CGCCCGCUG
828,UUAGUCAGGCC----GACCGGA----GCCACC----CC-----CCCGGCG-ACGG-----GGUGCUGCCUG-------CGCUGGGAA
829,CCUGUCAGGCCG---AUCUACU---CGCUACGU---CU-----CGGGGGG-ACC-----ACGUGCAGCCUGCGA----CCCCCCGGC
830,ACAGUCAGGCC----CCCGAAG----GCCACG----UA-----CGCCCCCCAUA------CGUGCUGCCUGU-----GGGGGGCGGC
831,ACUGUCAGGCC----AACUGAU----GCCACU----CA-----CGGGGGGGCG-------GGUGCAGCCUGGAUAGGCCCCCCCGGA
832,UAUGUCAGGCCCU--GGGCU----AGGCCACCG----------GGCGGGCGGUUA----CGGUGCAGCCUGGA----CGCCCGCCAC
833,CGUGUCAGGCC----ACCUU------GCCACGGU--U------GCGUCUCGG------GCCGUGCAGCCUGCCUCCCCGAGGCGUCU
834,CGUGUCAGGCCG---CAAAGAA---UGCCACGU---AU-----GCCCGCGGCGG-----GCGUGCAGCCUGGCAGG-CCGCGGGUGU
835,AAUGUCAGGCCUUG-GAG-----CGAGCUACA----GGCU---GUCGCGGCU--------UGUGCAGCCUGUC----GCCGCGGUGA
836,GUUGUCAGGCC----CACCC------GCCACGGU--C------UCCCCCG-GU-----GCUGUGCAGCCUGU------CGGGGGGGC
837,AAAGUCAGGCCG---UUU-------CGCCACGGG---------GGCGGCGCC------CCCGUGCUGCCUGAAG---GCGCCGUCCU
838,GCAGUCAGGCC----GGAUAU-----GCCACCC----------UGGCCUCGAU------GGGUGCUGCCUGCGGCUUCGAGGCCGUC
839,AGUGUCAGGCCG---CGUA------CGCCACCGC---------GUGCGCGCUUC----GCGGUGCAGCCUG------GCGCGCACCC
840,ACUGUCAGGCC----AUCCCAC----GCCACA----UA-----CCGGGCCGGG-------UGUGCAGCCUGAA----CGGCUCGGAU
841,AGUGUCAGGCCGU--CGCAAC---AUGCUACA----U------CCCCGCCGUAAC-----UGUGCAGCCUG------CGGCGGGGUA
842,GUUGUCAGGCCU---GCAA------GGCCACC-----------CCGCCGCGAUGG-----GGUGCAGCCUGACG---CGCGGCGGGG
843,UAAGUCAGGCCC---UCGAUCU---GGCCACU----AGAGAC-GGCCGCGAC--------AGUGCUGCCUGUUC---UCGCGGCCAG
844,GUUGUCAGGCCG---CAAGGU----UGCUACC----UGG----GCGGGCCGUUU------GGUGCAGCCUGUAC---CGGCCCGUCC
845,AGUGUCAGGCC----UGGAGC-----GCCACCUU--C------ACGCGGGGA------AAGGUGCAGCCUGAA----CCCCGCGUUC
846,CUUGUCAGGCC----GCGUG------GCUACCG---G------CCCGCGC-GG------CGGUGCAGCCUGUGUUA--GCGCGGGAU
847,UCAGUCAGGCCGC--UAACC----GCGCCACG----CCG----CGGGUCCCA--------UGUGCUGCCUGC-----GGGACCCGGU
848,UCUGUCAGGCCG---UGAGG-----CGCUACC----AAU----UCCCGGGGU--------GGUGCAGCCUGC-----UUCCGGGGGG
849,GAUGUCAGGCCG---UCAGCUC---CGCCACC-----------CGGCGCGGCAAAU----GGUGCAGCCUG------CCGCGCCGGA
850,UAAGUCAGGCCU---AUGG------GGCCACGUU---------GCGGGCGGA------GACGUGCUGCCUG------CCGCCCGUCA
851,GAUGUCAGGCCGC--UGGCAU---GCGCCACG----CUG----GGGCGGCGCA-------CGUGCAGCCUGA-----CGCCGCCCGU
852,CAAGUCAGGCCU---UUCGC-----AGCCACCG---AAU----CCCCCGGCGG------UGGUGCUGCCUGAGCC--GCCGGGGGGC
853,AGUGUCAGGCCG---GACUU-----CGCCACU----A------CGCCGUCGCGCAA----GGUGCAGCCUGACA---CGACGGCGGC
854,UUAGUCAGGCCGUGUACC----GCACGCUACUG---C------AGCGCCCGC-------CGGUGCUGCCUGA-----CGGGCGCUGA
855,GGUGUCAGGCC----CGAUA------GCCACC----C------CGCGCGGGGCU------GGUGCAGCCUG------CCCGCGCGGC
856,GUAGUCAGGCCU---GUAA------GGCCACGU---U------GCCGGCG-CG------GCGUGCUGCCUG-------CGCCGGUGU
857,CCAGUCAGGCCGC--GCCC-----GCGCUACGG---C------CGCGGGCCAUG-----CCGUGCUGCCUG------GGCCUGCGGG
858,CUAGUCAGGCCC---GCUGC-----GGCUACC-----------GCCGGCUGUUAGA----GGUGCUGCCUGG-----CGGCCGGCUU
859,AUAGUCAGGCC----CUCGAG-----GCCACU----ACUUCA-GGGCGGC-A--------GGUGCUGCCUGC------GUCGCCCUG
860,CCUGUCAGGCCACG-CACUC---UGUGCCACCU---UUG----CCGCGGCGGG------AGGUGCAGCCUGUA----UGCCGCGGGU
861,GAAGUCAGGCC----CACGAA-----GCUACG----GUUC---CGUCCGG-UA-------UGUGCUGCCUGU------CCGGGCGGG
862,GGUGUCAGGCCU---AAAUUGA---AGCCACG----C------GCGGGGU-UUCAU----CGUGCAGCCUG-------GCUCCGCUU
863,CAUGUCAGGCCC---CGC-------GGCCACU----GAUU---CGGGCGGCA--------GGUGCAGCCUG------GUCGCCUGAA
864,ACAGUCAGGCC----AUAUUC-----GCCACG----A------CCCGUCGCUAG------CGUGCUGCCUG------GCGGCGGGAC
865,UGUGUCAGGCCGC--CACAAG---GCGCCACG----CG-----GGCCGCG-CUC------CGUGCAGCCUGUCUG---CGCGGCUUC
866,UCUGUCAGGCCUUUGCGGG---CGGAGCCACU----U------CCCGGCC-AUUCA----AGUGCAGCCUGA------GGCCGGGAA
867,AAUGUCAGGCCA---CGCA------UGCCACU----GCCAA--CUGGGCGCG--------AGUGCAGCCUGAAAGGCGCGCCCGGCA
868,UGUGUCAGGCCGG--ACGC-----CCGCCACA-----------UCCCCGGCGAAC-----UGUGCAGCCUG------GCCGGGGACA
869,GGAGUCAGGCC----AAUUC------GCUACU----UCCGU--GCGCCCGGC--------GGUGCUGCCUGGCUUA-CCGGGCGCGG
870,UGUGUCAGGCC----GGCGUUG----GCUACGC---C------CGGGCGCGUAC-----GUGUGCAGCCUG------CGCGCCCGGC
871,CUUGUCAGGCC----GACGUAG----GCUACU----GUUCU--CGCGGGCCA--------GGUGCAGCCUGA-----GGCCCGCGCC
872,AAUGUCAGGCCA---CGC-------UGCCACG----ACAG---CGGGGCGGC--------UGUGCAGCCUGA-----UCGCCCCGCG
873,ACUGUCAGGCC----UGGGA------GCCACA----CUUAA--CCGCGCCGU--------UGUGCAGCCUG------UGGCGCGGAU
874,UCAGUCAGGCCGU--UCACA----GUGCUACUG----------GCGCCCGCAC------CAGUGCUGCCUGGGA---GCGGGCGCCG
875,GCUGUCAGGCCCUG-GACU----UGGGCCACU----CGA----GGCCUCGCU--------GGUGCAGCCUGCCUAUCGCGAGGCCUA
876,UAAGUCAGGCC----UGUUCCC----GCUACAA---AA-----CCCCGCG-CC------UUGUGCUGCCUG-------CGCGGGGUA
877,UAAGUCAGGCCCG--GGA------UGGCCACG-----------GGCCCCUCUAGG-----CGUGCUGCCUG------GGGGGGCCAA
878,ACAGUCAGGCCUCC-CUGA----GGAGCUACU----CA-----GUCCCGCCCUA------GGUGCUGCCUGGA----GGCGGGGUUC
879,UUAGUCAGGCC----UUUAUC-----GCUACU----U------CCCCCGGGACG------GGUGCUGCCUG------CUCGGGGGUA
880,GAUGUCAGGCC----GCAAUGG----GCCACCG---C------AGGCGGGGC-------UGGUGCAGCCUGA-----CUCCGCCUCC
881,UGUGUCAGGCCG---UGGCAC----UGCUACG-----------GCAGGCGUCUCC-----UGUGCAGCCUGGU----GCGCCUGCCG
882,AUAGUCAGGCC----GUGUGC-----GCCACCGG---------CGCCCCGGC------UCGGUGCUGCCUG------CCGGGGCGGU
883,CGAGUCAGGCC----GCGCA------GCCACCC---A------UGCGCCCCGA------GGGUGCUGCCUG------GGGGCGCGUA
884,GCAGUCAGGCC----AAUGAU-----GCCACG----GGAA---GGGCUCGGG--------CGUGCUGCCUGGC----CCGGGCCCGG
885,UAAGUCAGGCC----AGGAGA-----GCUACU----U------GGCGGCUUCCACU----GGUGCUGCCUGCC----AAGCCGCCAA
886,CUAGUCAGGCCG---GAUC------CGCCACU----GG-----GCGGGGGGUUACU----AGUGCUGCCUGACC---CCCCCCGCCC
887,ACUGUCAGGCC----AUUUGC-----GCCACC----GUA----GUCGGCGUGCU------GGUGCAGCCUGUC----AUGCUGACAU
888,UAAGUCAGGCC----AGUGAC-----GCUACAG----------GGGGGCGCGUCCA---CUGUGCUGCCUGC-----GCGCCCCCUG
889,AGAGUCAGGCCG---GUU-------UGCUACA----C------GGCCGGGCUUCA-----UGUGCUGCCUGGG----GCCCGGCUUG
890,GCUGUCAGGCCG---GCC-------CGCCACG----UUAA---GGGCGUU-UG-------CGUGCAGCCUGUUAU---AGUGCCUCU
891,CCUGUCAGGCCC---GUAU------GGCUACC----UUC----GGCCGGCCG--------GGUGCAGCCUGU-----GGCCGGCCAC
892,CAUGUCAGGCC----AUAGUAU----GCUACUGG---------CGCCGCUCGG-----CCAGUGCAGCCUGU-----GGGCGGCGGU
893,CAAGUCAGGCCA---AACUAGC---UGCCACGG----------GACGCCCGUC------CUGUGCUGCCUGC-----CGGGCGUCUA
894,GGAGUCAGGCC----GCCUG------GCCACG----CCGUC--CCCGGCGCUC-------CGUGCUGCCUG------GCGUCGGGUU
895,AAUGUCAGGCC----AACCGA-----GCCACA----C------UCGGCCCGCUAC-----UGUGCAGCCUGACCC--CGGGCCGGAA
896,AUUGUCAGGCC----AUAGA------GCCACU----G------CGCCCGC-AAAA-----GGUGCAGCCUGCCCU---GCGGGCGUG
897,GCAGUCAGGCC----AGGCUCC----GCCACG----UU-----CCCCGGGGCCAAG----UGUGCUGCCUGGACG--CCCCGGGGUG
898,GCAGUCAGGCCG---CUA-------UGCUACG----UA-----CCCGCGGGGUGC-----CGUGCUGCCUG------CUCGCGGGGG
899,ACAGUCAGGCCG---CUC-------CGCUACU----GU-----CGCCCCGCUCGGU----AGUGCUGCCUG------GCGGGGCGAA
900,CCAGUCAGGCC----GGACA------GCCACC----GACA---CGUCGCCCC--------GGUGCUGCCUGC-----GGGCGGCGGC
901,GUUGUCAGGCCG---GGU-------UGCCACG-----------GGCCGCGGUCAG-----CGUGCAGCCUG------CUGCGGCCGG
902,GUUGUCAGGCC----AAGCUCC----GCCACC----UA-----GCCCCGCGAGU------GGUGCAGCCUG------UGCGGGGUAC
903,CCAGUCAGGCCGAG-AGCG----CUCGCCACGG----------GCGCGCGCGAGAA---CCGUGCUGCCUGA-----GCGCGCGCCU
904,UAUGUCAGGCCGU--CUG------GCGCUACGG---U------GGGCCGC-AU------UUGUGCAGCCUG-------GCGGUCCUC
905,GGUGUCAGGCCAU--GGC------AUGCUACC----GU-----CCCUGGGGGU-------GGUGCAGCCUGAGUGU-UCCCGGGGAG
906,UAAGUCAGGCC----CUCUUA-----GCCACCA----------GCGGCCGCGCA-----UGGUGCUGCCUGG-----GCGGCCGCCG
907,AGUGUCAGGCCA---UGG-------UGCUACU----ACACC--GGGAGCCUU--------GGUGCAGCCUG------AGGCUCCCUU
908,CGUGUCAGGCCG---UCAUU-----CGCCACAC---AC-----AGCGGUGCG-------GUGUGCAGCCUGC-----GCACCGCUUA
909,UAAGUCAGGCCGG--GUU------CUGCCACCC----------GGCGGGCCAUAUU---GGGUGCUGCCUGG-----GGCCCGCCGA
910,ACUGUCAGGCCC---UCG-------GGCUACG----UGCU---CGCCGGCCA--------UGUGCAGCCUGG-----GGCCGGCGGG
911,CCAGUCAGGCCCCU-AAAUAG--GGGGCCACUG----------CCGGGGGGGGG-----CGGUGCUGCCUG------CCCCCCGGGC
912,GUAGUCAGGCCG---GGU-------CGCUACAC---GU-----CGACGCGCG-------GUGUGCUGCCUGA-----GCGCGUUGAG
913,GAAGUCAGGCC----UCAGAC-----GCUACUG---AUC----GCGGCGGCAC------UGGUGCUGCCUG------GUCGUCGCGC
914,ACAGUCAGGCCU---AGGAA-----GGCCACU----U------CGGCUGUCGGC------GGUGCUGCCUGG-----GACAGCCGAG
915,UUUGUCAGGCC----ACCGAUG----GCCACUC----------UUCGCCGGGUG-----GAGUGCAGCCUGCAA---CCGGCGGAAU
916,GUUGUCAGGCCU---CUCAG-----GGCCACU----GACA---GGGGGCGCG--------GGUGCAGCCUGC-----GCGCCUCCCA
917,ACAGUCAGGCC----CGUCU------GCUACU----UUAG---ACGCGGCGUU-------GGUGCUGCCUG------CGCCGCGUGA
918,UCUGUCAGGCC----GUGCC------GCCACC----UGAA---GGGCGCCGGCU------GGUGCAGCCUG------CGGCGCCCAC
919,CCAGUCAGGCCA---GUUAA-----UGCCACG----CUU----AUCAACGCGA-------CGUGCUGCCUGG-----GUGUUGGUGU
920,CUAGUCAGGCCG---CGG-------CGCCACGA---U------CCCCGGCGGUC-----UCGUGCUGCCUGA-----CGUCGGGGCA
921,CGAGUCAGGCCC---AGA-------GGCCACGU---AUC----GCCGGGC-UUU-----ACGUGCUGCCUGU------GCCCGGCUA
922,CGUGUCAGGCCU---GUAUUGU---AGCCACGC---A------UCCCGCGCGAA-----GCGUGCAGCCUGCGCUC-GCGCGGGAGA
923,CUUGUCAGGCC----CUCGAUA----GCCACU----U------CGGCGGCCAGG------GGUGCAGCCUGU-----GGCCGCCGUU
924,GGAGUCAGGCCG---GGCUC-----CGCUACC----G------CCGGCAGGAAU------GGUGCUGCCUGGCGAU-CCUGUCGGCA
925,UGAGUCAGGCCC---GGG-------GGCCACC----U------GGCGAGUCCCC------GGUGCUGCCUG------GGCUUGCCAA
926,CCUGUCAGGCCCU--UGGUUG---GGGCCACAG----------GGCUCGGGAGC-----UUGUGCAGCCUG------CCUGAGCCAA
927,UUUGUCAGGCC----UCCAU------GCCACU----GAUC---GGGUCCCGUGU------AGUGCAGCCUG------CGGGGCCCUC
928,UGAGUCAGGCC----AAGUC------GCCACGU---C------GGGCGUCGC-------GUGUGCUGCCUGG-----CGGCGCCCAU
929,ACUGUCAGGCCA---CGC-------UGCCACG----GU-----CGCGAGCGUU-------UGUGCAGCCUG------CGCUCGUGAU
930,UGUGUCAGGCCUG--GCU------CGGCUACG-----------CGGGCCG-CUAUA----CGUGCAGCCUGU------CGGCCCGAG
931,UCUGUCAGGCC----CCAUG------GCUACAUG---------GGCCGCCAGCA----UAUGUGCAGCCUG------UGGCGGCCGG
932,CCAGUCAGGCCC---AGG-------GGCUACC----UCCC---CGGCGGGCACA------GGUGCUGCCUGACUC--GCCCGCCGCC
933,UCUGUCAGGCC----AGGAC------GCUACG----U------CGCCCGCCUAGAU----CGUGCAGCCUGA-----GGUGGGCGAC
934,GUUGUCAGGCCGC--AGUAA----GCGCUACGGU---------GGCGCGCGG------ACCGUGCAGCCUGU-----UGCGCGUCUA
935,CUUGUCAGGCCCG--UAAC-----UGGCCACU----C------GCCCGCCUCCACA----GGUGCAGCCUG------GGGCGGGCGG
936,GAUGUCAGGCC----GCGGCGU----GCUACGGC---------GGGCCGGGGU-----GCCGUGCAGCCUG------CUCGGCCUCG
937,UUAGUCAGGCC----AAAAGC-----GCCACG----CAG----CGGGGGCCG--------CGUGCUGCCUGCCAU--GGCUCCCGCG
938,UAUGUCAGGCCG---CGGCCUC---CGCCACUU---G------GCGCGGGCGUA-----AAGUGCAGCCUG------GCCUGCGCCC
939,CAAGUCAGGCCCU--AACA-----AGGCCACG-----------CGGGCGACACCUU----UGUGCUGCCUG------GUCGCCCGUU
940,CUUGUCAGGCCC---UUA-------GGCUACU----AGA----CCGCGGG-GAG------GGUGCAGCCUGGAC----CCCGCGGUA
941,CGAGUCAGGCCU---AACGC-----AGCUACG----A------UCGUGCGUUACC-----CGUGCUGCCUGCUGUC-ACGCGCGACA
942,AGAGUCAGGCC----UGAAGCU----GCCACU----CU-----CGGGCCUGAC-------GGUGCUGCCUGU-----CGGGCCUGUC
943,GCUGUCAGGCCCA--UUUCGU---UGGCUACUC---AC-----GCUCGCGCG-------GGGUGCAGCCUGAC----GCGUGAGUUU
944,GGUGUCAGGCC----ACUGUA-----GCUACG----A------CCGCGCCGUGU------UGUGCAGCCUG------CGGCGCGGUU
945,UUUGUCAGGCCGG--GUGGA----CCGCCACC----UUA----CGGCGCG-UG-------GGUGCAGCCUGGU-----CGCGCCGGC
946,AAAGUCAGGCCG---CAA-------CGCUACC----A------GGCGGCCCUCGC-----GGUGCUGCCUG------GGGCCGCCAA
947,AGUGUCAGGCC----UUUAAA-----GCUACG----ACUU---GGGUGCC-GUA------UGUGCAGCCUGUA-----GGCGCCCAC
948,GUAGUCAGGCCG---GAA-------UGCCACGG----------GCGCUGGCGGAAC---UCGUGCUGCCUG------GCCGGUGCAU
949,UUUGUCAGGCCU---CAC-------GGCCACU----UGG----GGGCCGGGGGG------GGUGCAGCCUGG-----CCCGGCCCAU
950,UCAGUCAGGCC----AUCUC------GCUACG----AGGAA--CCCCCGACG--------CGUGCUGCCUG------GUCGGGGGGU
951,CGAGUCAGGCC----GGAGGUU----GCCACGG----------UUUCGCGCAUA-----CUGUGCUGCCUGAUUGCGGCGCGGAAUG
952,ACUGUCAGGCCUU--GAU------GGGCUACC----CAUA---GGCGGCCGU--------GGUGCAGCCUGU-----CGGCCGCCUG
953,UCUGUCAGGCCC---UAC-------GGCUACUA----------CGUCGCGGAGU-----UGGUGCAGCCUGGUAGUGCCGCGGCGUU
954,UAAGUCAGGCC----CACAUA-----GCUACUC----------CGCGCCGCCGCAA---GGGUGCUGCCUG------GUGGCGCGAG
955,UGUGUCAGGCC----AAUGG------GCUACG----CC-----CGGCCC--AGAG-----CGUGCAGCCUGUGU-----GGGCUGUU
956,ACAGUCAGGCCG---CCA-------UGCCACCC----------GGCCGGG-GCACU---GGGUGCUGCCUG-------CCCGGCCCG
957,AAAGUCAGGCCUG--GAGC-----CAGCCACU----U------CCGCCCC-AAGCA----AGUGCUGCCUG-------GGGGCGGGG
958,GAAGUCAGGCC----AACACCA----GCCACA----UA-----UCCCCGUCGACG-----UGUGCUGCCUG------GGCGGGGGGA
959,CUAGUCAGGCC----CGCCGC-----GCCACUCG--G------GGCCCGCGU------CGGGUGCUGCCUGGG----CGCGGGCCCC
960,GGUGUCAGGCC----CAAGC------GCUACAC---U------UGCUUCGCC-------GUGUGCAGCCUGAGUA--GCGGGGCAAG
961,GCUGUCAGGCCU---AAGU------GGCCACG----GGCC---CGCUGGCUAGU------CGUGCAGCCUG------GGCCGGCGGG
962,GAUGUCAGGCC----AGAAUC-----GCCACAGC--C------GGCCCGC-ACG----GCUGUGCAGCCUGCGCAG--GCGGGCCAA
963,GGUGUCAGGCC----CAUAUG-----GCCACG----CC-----UGCCGGGGGAC------UGUGCAGCCUG------CCCCGGCGGA
964,GAAGUCAGGCCCAUUAUG----AAUGGCUACGC---UUA----UCGCGCCCC-------GUGUGCUGCCUGGG----GGGCGCGGCA
965,CAAGUCAGGCC----GGCUAC-----GCUACCG----------CCCGCUGGCCAA----CGGUGCUGCCUGGC----CCAGCGGGUC
966,CUUGUCAGGCCUGG-UGC-----CCAGCCACCG---UGU----UCGUGCGCA-------UGGUGCAGCCUGC-----GCGUACGGGU
967,UCAGUCAGGCCG---GGUA------CGCCACUG---G------GUCCCGCAAGGC----CGGUGCUGCCUGGG----UGCGGGGCUG
968,GGUGUCAGGCC----UAGGA------GCUACA----A------UCGGUGCCAUU------UGUGCAGCCUGG-----GGCGCCGGUG
969,GUUGUCAGGCC----AGCUUG-----GCCACC----CUCCA--GGGCGGGGA--------GGUGCAGCCUGGC----CCCCGUCCUU
970,UCAGUCAGGCC----ACCUGU-----GCUACCUG--AG-----GGGCCGCGC------CGGGUGCUGCCUGA-----CGCGGCCCCU
971,CAUGUCAGGCCG---AAU-------UGCCACA----CAA----AGCGGGGCG--------UGUGCAGCCUGAG----GCCCUGUUAU
972,UUAGUCAGGCCGC--UUC------GUGCCACG----ACUC---AGGCGCUCU--------CGUGCUGCCUGU-----GGGCGCCUUA
973,UGUGUCAGGCC----CCUGG------GCCACU----C------CGGCGCGGUAGUG----AGUGCAGCCUGU-----CCGCGCCGUG
974,UAUGUCAGGCCU---AAACC-----AGCUACC----AG-----UGGCGGGGCA-------GGUGCAGCCUGUC----CCUCGCCGUA
975,UAAGUCAGGCCC---UAA-------GGCCACC-----------CGGCCGGGGAGU-----GGUGCUGCCUGA-----CCCGGCCGUC
976,AUUGUCAGGCCAG--UCU------UUGCCACG----GG-----GCGCGGGGAU-------UGUGCAGCCUGU-----CUCCGCGCGA
977,AUUGUCAGGCCU---UUC-------AGCCACG----GCC----GGGCGGCGC--------UGUGCAGCCUGG-----CGCCGCCUAC
978,CGAGUCAGGCC----GACCAU-----GCCACU----AC-----CGACGGGGGU-------AGUGCUGCCUG------CCCCGUUGCG
979,GCUGUCAGGCCG---CAGUUUU---CGCCACC----ACC----CGGGGCC-GAUU-----GGUGCAGCCUGAU-----GGCCCCGAA
980,GCAGUCAGGCCU---UAUGC-----GGCCACGC---UU-----GGGGCGGGGAG-----GCGUGCUGCCUGGC----CCCGCCCCAU
981,UAUGUCAGGCCU---UUG-------AGCCACG-----------CGUCCCGGUAUA-----CGUGCAGCCUGA-----CCGGGACGUA
982,GUUGUCAGGCCU---GUUAA-----GGCCACGC---AGGU---GCCGCGGCG-------GCGUGCAGCCUG------GCUGCGGCAG
983,CGAGUCAGGCC----ACGUCAA----GCCACAU---CUGG---GCGGGGC-U-------AUGUGCUGCCUG-------GCCCCGCCG
984,UAAGUCAGGCC----GAGGACG----GCUACU----GG-----CGGGGCGCAAAA-----AGUGCUGCCUG------GCGCCCCGAU
985,GCAGUCAGGCCAG--CCCC-----CUGCCACG----CUU----GGCCCGGGACUC-----UGUGCUGCCUGAAU---CCCGGGCCUA
986,UGUGUCAGGCC----UAAGCUC----GCCACGCG---------GCACCCCGA------CGUGUGCAGCCUGUCC---CGGGGUGCGC
987,AAAGUCAGGCC----UCACC------GCCACCG----------UGCGCGGGUAGC----CGGUGCUGCCUGUA----CCCGCGCGAU
988,AAUGUCAGGCCA---AUC-------UGCCACGU----------UGCCGGGGUC------AUGUGCAGCCUGUCU---CUUCGGCGAU
989,CUUGUCAGGCCC---GUC-------GGCCACUU----------CUCGCCGCCC------AGGUGCAGCCUGC-----GCGGCGAGGG
990,UCAGUCAGGCC----GUAAGGA----GCCACG----CC-----GGCCCGCUGGU------CGUGCUGCCUG------GGCGGGCCUG
991,GCAGUCAGGCC----GAUGUUC----GCUACG----UC-----GGCCUGCCGG-------UGUGCUGCCUGC-----GGCGGGCCAU
992,GAUGUCAGGCC----CAACCCC----GCCACGG---ACGGG--GGCCGGU-C-------CCGUGCAGCCUGCAC----GCCGGCCGU
993,CAAGUCAGGCC----ACAGC------GCCACGCC---------UCGGGUGGGC-----GGCGUGCUGCCUG------CCACCCGAGC
994,CUUGUCAGGCC----GUAGU------GCCACG----G------CGCGGGCCACACU----UGUGCAGCCUGGGACA-GGCUCGUGUG
995,UUUGUCAGGCCGU--GCAU-----AUGCUACGG----------GGUCCGUCCUU-----CCGUGCAGCCUG------GGCGGGCCGU
996,AGUGUCAGGCCAA--CAC------UUGCUACU----CUA----GGCCGGCCU--------AGUGCAGCCUG------GGCCGGCCUA
997,CGUGUCAGGCC----CAAAUA-----GCUACG----A------CCGGGGUCUGAAU----CGUGCAGCCUG------GGUCCCGGCA
998,CUAGUCAGGCCC---AGAG------GGCCACG----AUCCA--UUGGGCGCCG-------CGUGCUGCCUG------GCGCCCGGUA
999,AAUGUCAGGCCG---GCCG------CGCUACUC---UG-----GGCGCUGGA-------GAGUGCAGCCUG------UCGGCGCCUG
